ar01,arstiteaduskond emeriitdotsent
fl01,filosoofiateaduskond emeriitdotsent
bg01,bioloogia-geograafiateaduskond emeriitdotsent
fk01,füüsika-keemiateaduskond emeriitdotsent
ht01,haridusteaduskond emeriitdotsent
kk01,kehakultuuriteaduskond emeriitdotsent
mj01,majandusteaduskond emeriitdotsent
mt01,matemaatika-informaatikateaduskond emeriitdotsent
so01,sotsiaalteaduskond emeriitdotsent
p1gv,eesti geenivaramu
htkd,kõrgkoolididaktika keskus
htkk,praktika ja kutseaasta keskus
dhum03bm,botaanika ja mükoloogiamuuseum
flgr02,klassikaline filoloogia osakond
flgr08,saksa filoloogia osakond
flgr06,skandinavistika osakond
flgr05ve,vene keel õppetool
flgr05vk,vene kirjandus õppetool
flgr05sf,slaavi filoloogia õppetool
flku06,maailmakirjandus osakond
flku07,eesti kirjandus osakond
flku08,teatriteadus ja kirjandusteooria osakond
fkkt,tartu ülikool keemia instituut
bgom,tartu ülikool ökoloogia ja maateadus instituut
bgom01,botaanika osakond
bgom02,geograafia osakond
bgom03,geoloogia osakond
bgom04,zooloogia osakond
flku01mk,maalikunst õppetool
flku01mu,muusika õppetool
flku05ek,eesti kirjandus õppetool
flku05ma,maailmakirjandus õppetool
flku05tt,teatriteadus õppetool
dhhb05,struktuurifond talitus
bgom01bo,botaanika õppetool
bgom01mk,mükoloogia õppetool
bgom01ta,taimeökoloogia õppetool
bgom01of,ökofüsioloogia õppetool
bgom02gk,geoinformaatika ja kartograafia õppetool
bgom02gr,inimgeograafia ja regionaalplaneerimine õppetool
bgom02lm,loodusgeograafia ja maastikuökoloogia õppetool
bgom02ce,väliseesti uuring keskus
bgom03gm,geoloogia ja mineraloogia õppetool
bgom03ps,paleontoloogia ja stratigraafia õppetool
bgom03pr,pinnakate ja rakendusgeoloogia õppetool
bgom04ab,arengubioloogia õppetool
bgom04hb,hüdrobioloogia õppetool
bgom04lo,loomaökoloogia õppetool
bgom04zo,zooloogia õppetool
mtmm01,puhas matemaatika osakond
mtmm02,rakendusmatemaatika osakond
mtmm01pm,algebra uurimisrühm
mtmm01gt,geomeetria ja topoloogia uurimisrühm
mtmm01fa,funktsionaalanalüüs uurimisrühm
mtmm01md,matemaatika didaktika uurimisrühm
mtmm01ma,matemaatiline analüüs uurimisrühm
mtmm01ua,universaalalgebra uurimisrühm
mtmm02am,arvutusmatemaatika töörühm
mtmm02tm,teoreetiline mehaanika töörühm
fkkt01,anorgaaniline keemia õppetool
fkkt02,füüsikaline keemia õppetool
fkkt03,keemiaharidus õppetool
fkkt04,kolloid-ja keskkonnakeemia õppetool
fkkt05,rakenduselektrokeemia õppetool
fkkt06,analüütiline keemia õppetool
fkkt07,keemiline füüsika õppetool
fkkt08,molekulaartehnoloogia õppetool
fkkt09,orgaaniline keemia õppetool
fkkt10,bioorgaaniline keemia õppetool
p1mi09,kaugseire ja mereoptika osakond
p1mi10,ökodünaamika osakond
p2ec01,rakendusuuring keskus socialia
p2ec02,koolituskeskus
lo,loodus ja tehnoloogiateaduskond
lolo,loodus ja tehnoloogiateaduskond dekanaat
lomi,tartu ülikool eesti mereinstituut
lofy,tartu ülikool füüsika instituut
loti,tartu ülikool tehnoloogiainstituut
lokt,tartu ülikool keemia instituut
lomr,tartu ülikool molekulaar ja rakubioloogia instituut
loom,tartu ülikool ökoloogia ja maateadus instituut
lo00,loodus ja tehnoloogiateaduskond emeriitprofessor
lo01,loodus ja tehnoloogiateaduskond emeriitdotsent
sorg,riigiteadus instituut
lomr01,biotehnoloogia õppetool
lomr02,evolutsiooniline bioloogia õppetool
lomr03,geneetika õppetool
lomr04,mikrobioloogia ja viroloogia õppetool
lomr05,molekulaarbioloogia õppetool
lomr06,rakubioloogia õppetool
lomr07,biofüüsika ja taimefüsioloogia õppetool
lomr08,üldine ja mikroobibiokeemia õppetool
lomr09,arengubioloogia õppetool
loom01,botaanika osakond
loom02,geograafia osakond
loom03,geoloogia osakond
loom04,zooloogia osakond
loom01bo,botaanika õppetool
loom01mk,mükoloogia õppetool
loom01ta,taimeökoloogia õppetool
loom01of,ökofüsioloogia õppetool
loom02gk,geoinformaatika ja kartograafia õppetool
loom02gr,inimgeograafia ja regionaalplaneerimine õppetool
loom02lm,loodusgeograafia ja maastikuökoloogia õppetool
loom02ce,väliseesti uuring keskus
loom03gm,geoloogia ja mineraloogia õppetool
loom03ps,paleontoloogia ja stratigraafia õppetool
loom03pr,pinnakate ja rakendusgeoloogia õppetool
loom04hb,hüdrobioloogia õppetool
loom04lo,loomaökoloogia õppetool
loom04zo,zooloogia õppetool
lomi01,kalabioloogia ja kalandus osakond
lomi02,merebioloogia osakond
lomi03,meresüsteem osakond
lomi04,ökosüsteem dünaamika töörühm
lomi05,mereoptika töörühm
lomi06,pärnu osakond
lomi07,kaugseire ja mereoptika osakond
lomi08,ökodünaamika osakond
lomi03ml,meresüsteem modelleerimine labor
lokt01,anorgaaniline keemia õppetool
lokt02,füüsikaline keemia õppetool
lokt03,keemiaharidus õppetool
lokt04,kolloid-ja keskkonnakeemia õppetool
lokt05,rakenduselektrokeemia õppetool
lokt06,analüütiline keemia õppetool
lokt07,keemiline füüsika õppetool
lokt08,molekulaartehnoloogia õppetool
lokt09,orgaaniline keemia õppetool
lokt10,bioorgaaniline keemia õppetool
loti01,innovatsioonikeskus
loti02,biomeditsiinitehnoloogia arenduskeskus
loti03,keemia ja materjalitehnoloogia arenduskeskus
loti04,keskkonnatehnika arenduskeskus
loti05,info ja kommunikatsioonitehnoloogia arenduskeskus
loti06,psühhofarmakoloogiline ravimiarendus labor
loti07,õigus ja intellektuaalomand osakond
lomr10,bioinformaatika õppetool
lotd,materjaliteadus ja materjal tehnoloogia doktorikool
lofy01,füüsikaharidus osakond
lofy01os,optika ja spektroskoopia õppetool
lofy01rf,rakendusfüüsika õppetool
lofy01lo,laineoptika õppetool
lofy01kf,koolifüüsika keskus
lofy01bf,biomeditsiinitehnika ja meditsiinifüüsika teadus ja koolituskeskus
lofy02,materjaliteadus osakond
lofy03,eksperimentaalfüüsika osakond
lofy04,teoreetiline füüsika osakond
lofy05,bio ja keskkonnafüüsika osakond
lofy06,materjaliteadus instituut
lofy07,administratsioon
lofy17,raamatupidamine
lofy18,raamatukogu
lofy19,majandusgrupp
lofy20,krüogeenijaam
lofy21,töökoda
sorg01,avalik haldus õppetool
sorg02,haldusjuhtimine õppetool
sorg03,võrdlev poliitika õppetool
sorg04,rahvusvaheline suhe õppetool
sorg05,balti poliitika õppetool
mjjv10,rahandus õppetool
lofy02if,ioonkristall füüsika labor
lofy02ls,laserspektroskoopia labor
lofy02mt,nanostruktuur füüsika labor
lofy02kt,kiletehnoloogia labor
lofy02rs,röntgenspektroskoopia labor
lofy03ks,füüsikaline optika labor
lofy03mt,nanostruktuur füüsika labor
lofy03ls,lasertehnika labor
lofy03gl,gaaslahenduslabor
lofy04tt,tahkiseteooria labor
lofy04tf,teoreetiline füüsika labor
lofy04st,väljateooria labor
lofy05sk,biofüüsika laboratoorium
lofy05kf,keskkonnafüüsika labor
lofy05af,atmosfäärifüüsika labor
lolo01,loodusteaduslik haridus keskus
lofy01ek,elektron paramagneetiline resonants ja luminofooritehnoloogia töörühm
lofy01js,juhatus ja sekretariaat
lofy01kk,kosmos ja militaartehnoloogia töörühm
lofy01pk,põhiõpe keskus
lofy01ot,õppetöö tugiteenistus
lokt11,katsekoda
lolo02,ökoloogia ja keskkonnateadus doktorikool
lolo03,biomeditsiin ja biotehnoloogia doktorikool
lolo04,materjaliteadus ja materjal tehnoloogia doktorikool
htht07,eripedagoogika osakond
htht09,praktika ja kutseaasta keskus
htht10,haridusuuring ja õppekavaarendus keskus
htht11,kõrgkoolididaktika keskus
flfi05,tartu ülikool eetikakeskus
mjri05,majandusteooria õppetool
mjri06,riigimajandus õppetool
flaj02,arhiivindus osakond
flaj03,eesti ajalugu osakond
flaj05,kunstiajalugu osakond
flaj06,uusim aeg osakond
flaj07,üldajalugu osakond
flku09,kultuur ja kommunikatsiooniteadus keskus ( konsortsium )
lofy08,teenindusgrupp
lofy08rp,raamatupidamine
lofy08rk,raamatukogu
lofy08kj,krüojaam
lofy08tk,töökoda
dako,kommunikatsiooniosakond
us,usuteaduskond
oi,õigusteaduskond
ar,arstiteaduskond
fl,filosoofiateaduskond
bg,bioloogia - geograafiateaduskond
fk,füüsika - keemiateaduskond
kk,kehakultuuriteaduskond
mj,majandusteaduskond
mt,matemaatika - informaatikateaduskond
dako01,teabetalitus
so,sotsiaalteaduskond
dako02,ajakiri universitt tartuensima
ht,haridusteaduskond
dako03,multimeedia talitus
re,rektor tegevusvaldkond
p2,õppeprorektor tegevusvaldkond
p1,teadusprorektor tegevusvaldkond
p4,avatud ülikool prorektor
da,administratsioonidirektor vastutusala
df,finantsjuht tegevusvaldkond
dh,haldusdirektor vastutusala
p3,haldusprorektor vastutusala
fa,filosoofiateaduskond ( ajalugu )
yk,üleülikooliline kateeder
fl1,filosoofiateaduskond
usus,usuteaduskond dekanaat
usut,uus testament oppetool
usvt,vana testament oppetool
usvu,vordleva usuteadus oppetool
oiao,avalik õigus instituut
oieo,eraõigus instituut
oikk,kodanik kaitse oppetsükkel
mtmm03,koolimatemaatika keskus
oikp,kriminoigus ja protsess kateeder
oioi,õigusteaduskond dekanaat
oiol,oigusloome labor
oira,riigioigusteooria ja ajalugu kateeder
oirh,riigi-ja haldusoigus kateeder
oitp,tsiviiloigus ja protsess kateder
oits,tsiviilkaitse tsükkel
oivl,välissuhtlemine oigusprobl . labor
araf,"arst , stom . ja farm täiend tk"
arai,anestesioloogia ja intensiivravi kliinik
arak,anatoomia kateeder
aran,anatoomia instituut
arap,arst ja prov . täienduskeskus
arar,arstiteaduskond dekanaat
arat,att teraapia kateeder
arbi,bioloogiline keemia kateeder
arbk,biokeemia instituut
arca,füüsiline antropoloogia keskus
arfa,farmaatsia instituut
arff,farmakoloogia ja farm.org kateeder
dhit06,õppetehnika talitus
arfk,füsioloogia kateeder
arfm,farmaatsia kateeder
arfo,farmakoloogia kateeder
arfr,farmakoloogia instituut
arfs,füsioloogia instituut
arfy,füsioloogia oppelabor
arhh,hospitaalsiseh ja tuberkul . kateeder
arhi,histoloogia ja embrüoloogia kateeder
arhk,hospitaalkirurgia kateeder
arhl,hematoloogia labor
arhm,stomatoloogia kateeder
arho,hematoloogia-onkoloogia kliinik
arht,hügieen ja tervishoid organiseerimine k
arig,inimene bioloogia ja geneetika kateeder
arir,internatuur ja residentuur osakond
arka,kardioloogia kliinik
arkd,kardiovaskulaar-ja torakaalkirurgia kliinik
arki,kirurgiakliinik
arkr,kõrvakliinik
arks,kopsukliinik
oirr,riik ja rahvusvaheline õigus instituut
arla,lastekliinik
armb,mikrobioloogia instituut
armp,biomeditsiin instituut
armr,mikrobioloogia kateeder
arnd,"nakkush , dermat . ja venerol . kateeder"
arnh,nahahaigus kliinik
arnk,nakkushaigus kliinik
arnn,neurol . ja neurokirurgia kateeder
arnr,närvikliinik
arns,naistekliinik
arnt,nägemine tervishoid labor
arok,otorinolar . ja oftamol . kateeder
arot,õendusteadus osakond
arou,op-kirurgia ja uroloogia kateeder
arpa,patoloogiline anatoomia ja kohtuarstiteadus instituut
arpd,pediaatria kateeder
arpf,patoloogiline füsioloogia kateeder
arph,psühhiaatria kateeder
arpk,patol . anat . ja kohtuarst kateeder
arpo,peremeditsiin kliinik
p2pc11,arendusosakond
arps,psühhiaatriakliinik
arra,radioloogia ja onkoloogia kateeder
arrd,radioloogiakliinik
arrt,ravim tehnol . ja keemia kateeder
arrv,ravimtaim oppelabor
arsg,sünnitusabi ja günekoloog kateeder
arsi,silmakliinik
arsk,sisekliinik
arsm,spordimeditsiin ja taastusravi kliinik
arsp,sisehaigus propedeutika kateeder
arsr,spordimeditsiin ja ravikehakultuur kat
arst,stomatoloogia kliinik
arta,teaduskonnakirurgia kateeder
arth,tervishoid instituut
artk,arstiteaduskond täienduskeskus
arto,traumatoloogia ja ortopeedia kliinik
artr,trauma . ortop . ja valik . kateeder
arts,teaduskonnasisehaigus kateeder
arvi,vivaarium
aryk,"üldkirurgia , anest ja rean . kateeder"
flke05,euraasia keel lektoraat
flaj,ajalugu ja arheoloogia instituut
flal,ajalugu ja semiootika labor
flar,arheoloogia labor
fldl,didaktika labor
flee,eesti ja üldkeeleteadus instituut
flek,eesti keel kateeder
flel,eesti keel labor
flep,eripedagoogika labor
fler,eripedagoogika osakond
flet,tartu ülikool eetikakeskus
flfi,filosoofia ja semiootika instituut
flfl,filosoofiateaduskond dekanaat
flfu,fennougristika labor
flgr,"germaani , romaani ja slaavi filoloogia instituut"
flif,inglise filoloogia kateeder
flke,keelekeskus
flkf,praktiline eesti keel kateeder
flkk,kultuurikeskus
flkl,klassikaline ja romaan filo . kateeder
flkn,kirjandus ja rahvaluule osakond
p2av06,õppimine ja õpetamine arenduskeskus
flkp,koolipsühholoogia labor
flku,kultuuriteadus ja kunst instituut
flle,lõuna-eesti keel ja kultuuriuuring keskus
flmk,maailmakirjandus kateeder
floa,orientalistikakesk aeg . osakond
flpe,pedagoogika keskus
flpk,pedagoogika osakond
flpl,psühhodiagnostika labor
flpp,psühhomeetria ja psühhofüüsika labor
flps,psühholoogia osakond
flrl,eesti kirjandus ja rahvaluule kateeder
flrp,rakenduspsühholoogia labor
flse,semiootika osakond
flsf,saksa filoloogia kateeder
flso,sotsioloogia osakond
flsu,soome-ugri keel kateeder
flzo,zurnalistikk osakond
flzu,zurnalistikk kateeder
flta,tartu l areng kompleksuur . labor
flve,vene ja slaavi filoloogia osakond
loom05,bioloogiline mitmekesisus tippkeskus
flvk,vene keel kateeder
flvm,vene keel metoodika kateeder
flvo,voorkeel kateeder
flvv,vene kirjandus kateeder
bgal,algoloogia oppelabor
bgba,botaanikaaed
bgbe,botaanika ja ökoloogia kateeder
bgbg,bioloogia-geograafiateaduskond dekanaat
bgbl,bioindikatsioon labor
bgbo,botaanika ja ökoloogia instituut
bgce,väliseesti uuring keskus
bgeh,embrüonaalne histogen . sektor
bgfg,füüsiline geograafia kateeder
bgge,geneetika ja tsütoloogia kateeder
bggg,geograafia instituut
bggi,geoinformaatika labor
bggk,geoloogia kateeder
bggl,geoloogia instituut
bggm,geoloogia muuseum
bgma,majandusgeograafia kateeder
dfrh01,arveldus talitus
bgmi,molekulaar ja rakubioloogia kat
dfrh02,isikumakse talitus
bgmk,mineroloogia kabinet
dfrh03,sihtfinantseerimine talitus
bgmr,tartu ülikool molekulaar ja rakubioloogia instituut
dfrh04,eelarvetalitus
bgoj,ökoloogiajaam
bgzh,zooloogia ja hüdrobioloogia instituut
bgzk,zooloogia kateeder
bgzm,zooloogia muuseum
bgtb,"taimefüsioloogia , biokeemia kateeder"
fkab,analüütiline biokeemia labor
fkae,aeroelekter labor
fkak,anorgaaniline keemia kateeder
fkan,analüütiline keemia kateeder
fkbf,biofüüsika labor
fkbm,tartu ülikool biomeditsiinitehnika ja meditsiinifüüsika teadus ja koolituskeskus
fkbo,bioorgaaniline keemia labor
fkef,eksperimentaalfüüsika ja tehnoloogia instituut
fkek,elektrokeemia labor
fkel,epl mikroprotsessortehnika sektor
fkem,elektromeetria labor
fkep,"elektroluminitsents , pooljuht labor"
flaj13,ajalugu ja ühiskonnaõpetus didaktika keskus
fkex,eksperimentaalfüüsika kateeder
flaj14,nõukogu periood ajalugu uurimine keskus
fkfd,füüsika didaktika instituut
flaj15,orientalistikk keskus
fkfe,füüsikaline keemia instituut
flaj16,arheoloogia kabinet
fkfk,füüsika-keemiateaduskond dekanaat
flee11,lõuna-eesti keel ja kultuuriuuring keskus
fkft,tartu ülikool katsekoda
flee12,pau arine soome-ugri põlisrahvas keskus
fkfy,füüsikaosakond
flee13,foneetika labor
fkgk,geofüüsika kateeder
flgr09,briti uuring keskus
fkha,happelis-aluseline tasak . labor
flgr10,kanada uuring keskus
fkke,keskonnakaitse füüsika labor
flgr11,kultuuridevaheline kommunikatsioon keskus
fkkf,keskkonnafüüsika instituut
flgr12,põhja-ameerika uuring keskus
fkki,kinesioloogia labor
flgr13,robert schum prantsuse uuring keskus
fkkk,keemiline kineet ja katalüüs labor
flgr14,tõlkekeskus
fkkl,keskkonnakeemia labor
flgr15,vene keel testimiskeskus
fkkm,keemiline füüsika instituut
fkko,keemiaosakond
fklk,laseroptika kateeder
fkll,lihastalitlus labor
fkmf,materjaliteadus instituut
fkok,orgaaniline ja bioorgaaniline keemia instituut
fkor,orgaaniline keemia kateeder
p1rt14,sisukirjeldus osakond
fkos,orgaaniline süntees labor
fkro,rakendusoptika labor
fksk,semiokeemia labor
fkta,teor . füüsika ja astrofüüsika kateeder
fktf,teoreetiline füüsika instituut
fktp,täppisteadus kool
fkyf,üldfüüsika kateeder
kkam,auto - motokabinet
kkke,kergejoustik kateeder
kkkk,kehakultuuriteaduskond dekanaat
kkko,keh-kasv oppej . kvalif . tostm tk
kkks,keha . kasvatus ja sport kateeder
kkmk,kk tk . metoodikakabinet
kkrk,raskejoustik kateeder
kkrv,raskejoustik ja veesport kateeder
kksb,spordibioloogia ja füsioteraapia instituut
kksd,spordikeskus
kksk,spordifüsioloogia kateeder
kkso,sportmäng kateeder
kksp,spordipedagoogika ja treeninguõpetus instituut
p1rt16,kogu arendus osakond
kkst,sporditeooria kateeder
kksu,suusasport kateeder
kktg,sp . teooria ja treeninguop . instituut
kktu,treeningprotsess uurimine labor
kkvk,voimlemine kateeder
kkvs,veesport kateeder
mjjv,ettevõttemajandus instituut
mjka,kaubandus kateeder
mjko,kaubandusökonoomika labor
mjks,majandusküberneetika ja statistika katee
mjme,mehh . arvestus ja masink . kabinet
mjmj,majandusteaduskond dekanaat
mjmm,majandusinformaatika ja modelleerimisins
mjmr,majanduspol . ja riigimaj . instituut
mjmt,majandusteooria kateeder
mjra,rahandus ja arvestus instituut
mjre,rahvamaj . ja ettev . üldd . ins .
mjrh,rahandus ja krediit kateeder
mjri,rahvamajandus instituut
mjrk,raamatupidamine ja analüüs kateeder
repg,pedagogicum
mjrv,rahvamajandusharu ökon . kateeder
mjtj,turundus ja juhtimine instituut
mjtr,turundus kateeder
mtag,algebra ja geomeetria kateeder
mtal,arvutustehnika labor
mtam,arvutusmatemaatika kateeder
mtat,arvutiteadus instituut
mtma,matemaatiline analüüs kateeder
mtmm,matemaatika instituut
mtms,matemaatiline statistika instituut
mtmt,matemaatika-informaatikateaduskond dekanaat
mtpk,programmeerimine kateeder
mtpm,puhas matemaatika instituut
mtrl,rakendusmatemaatika labor
mtrm,rakendusmatemaatika instituut
mtst,matemaatiline statistika kateeder
mttk,teoreetiline mehhaanika kateeder
soah,avalik haldus osakond
soai,avalik haldus ja sotsiaaltöö osakond
socc,balti õping keskus
soph04,isiksus ja sotsiaalpsühholoogia osakond
soep,eripedagoogika osakond
soph,psühholoogia instituut
sopl,politoloogia osakond
sose,semiootika osakond
soso,sotsiaalteaduskond dekanaat
soss,sotsioloogia ja sotsiaalpoliitika instituut
sozu,ajakirjandus ja kommunikatsioon instituut
soyo,üldsotsiaalteadus osakond
htep,eripedagoogika osakond
htht,haridusteaduskond dekanaat
htoa,haridusuuring ja õppekavaarendus keskus
htos,õpetaja seminar
htpk,pedagoogika osakond
reaa,rektoraat büroo
ream,tartu ülikool ajalugu muuseum
reka,kaadriosakond
rekl,tartu ülikool kunstimuuseum
reks,klassikaline muinasteadus muuseum
rekt,tü kirjastus
repr,personaliosakond
dhkv03ho,"halduspiirkond : välisterritoorium ülikool 18 , jakobi 1 , kuningaplats ; kinnistuma ravila 17 , lunini 16 , tulikas 1 , noorus 3 , viljandi mnt 42 ( v.a ravila 14. )"
rere,regionaalprojekt
rerr,rektor reserv
rert,tartu ülikool raamatukogu
resh,ülikool sihtasutus
resl,sisekontrolliosakond
retk,töö-ja kodanikukaitse osakond
rett,teabetalitus
reuk,ülikool kantselei
reut,"ajaleht "" ut """
p2ag,multimeediakeskus
p2av,elukestev õpe keskus
p2ec,tartu ülikool euroopa kolledž
p2nc,tartu ülikool narva kolledž
p2oo,õppeosakond
p2ov,üliõpilasesindus
p2pc,tartu ülikool pärnu kolledž
p2tc,tartu ülikool tür kolledž
p2te,tervishoiuprojekt
p2tk,täienduskoolituskeskus
p2tp,teaduskool
k1,kantsler tegevusvaldkond
p1ak,arvutuskeskus
k1hb,planeering ja hange osakond
p1fy,tartu ülikool füüsika instituut
k1kv,kinnisvaraosakond
p1mi,tartu ülikool eesti mereinstituut
k1it,infotehnoloogia osakond
p1ml,metrolabor
k1hb01,ohutustalitus
p1op,oppe-ja teadustöö arenduskoda
k1hb02,planeerimistalitus
p1pf,plaan - finantsosakond
k1hb03,struktuurifond talitus
p1rh,rahandusosakond
k1kv01,arvestustalitus
p1rt,raamatukogu
k1kv02,ehitustalitus
p1ta,teadus ja arendusosakond
k1kv03,haldustalitus
p1tk,täienduskeskus
k1kv04,tehnovõrk ja elektripaigaldis talitus
p1tl,tartu ülikool tehnoloogiakeskus
k1kv02pt,puidugrupp
p1tt,teabetalitus
k1kv02rt,remondigrupp
p4ag,multimeediakeskus
k1kv03bm,"halduspiirkond : w . ostwald tn 1 , ravila 19"
p4av,kaugkoolituskeskus
k1kv03fh,"halduspiirkond : salm 1a , salm 1b ( katlamaja )"
p4nc,tü narva kolledzh
k1kv03kh,"halduspiirkond : jakobi 2 , jakobi 4 , loss 3 , loss 36 , ülikool 16 , näitus 2"
p4tp,täppisteadus kool
k1kv03mj,"halduspiirkond : lai 34 , lai 36 , lai 38 , lai 40 , uba tn 4 / 6 , uba tn 10. , rada 32 , salm 1a , salm 1b ( katlamaja ) , liivi 4 ( rendipind )"
dait,infotehnoloogia osakond
k1kv03mr,"halduspiirkond : riia 23 , riia 23b , vanemuis 46 , vanemuis 46. , vanemuis 21 ( rendipind )"
dakt,tü kirjastus
k1kv03oi,"halduspiirkond : näitus 13. , näitus 20 , uppsala 4 , uppsala 6 , uppsala 8 , uppsala 10 , liivi 2"
dapr,personaliosakond
k1kv03ph,"halduspiirkond : ülikool 17 , ülikool 18 , ülikool 18. , ülikool 18b , ülikool 20 , jakobi 1 , jakobi 5 , munk 4 , luts 1 , kuningaplats"
datt,teabetalitus
k1kv03ti,"halduspiirkond : tiik 78 , j . liivi 2 , loss 36 , kinnistu kastan 43 , elamu tiik 80 välisterritoorium korrashoid"
dauk,üldosakond
k1kv03tl,"halduspiirkond : kaarel pst 3 , teater väljak 3"
dfrh,rahandusosakond
k1kv03ho,"halduspiirkond : ravila 17 , tulikas 1 , viljandi mnt 42 , riia 191 , riia 191a , riia 191b kinnistuma"
dhab,tü tamm apteek
k1kv04ep,elektripaigaldis remondigrupp
dhad,tü kesklinn apteek
k1kv04tv,tehnovõrk remondigrupp
dhau,transpordiosakond
k1it01,infrastruktuur talitus
dhba,tartu ülikool botaanikaaed
k1it02,infosüsteem talitus
dhek,ehituskorraldus osakond
k1it03,kasutajatugi talitus
dhhb,haldusdirektor büroo
k1it04,foto ja videotalitus
dhkb,tü kääriku spordi-ja puhkekeskus
k1it05,õppetehnika talitus
dhkh,tü kohvik
k1it01sg,server grupp
dhko,kommunikatsioonitehnika osakond
k1ko,turundus ja kommunikatsiooniosakond
dhkv,haldusosakond
dhls,tartu ülikool spordibaas
dhpi,peainseneriosakond
dhrk,tü raamatupood
p3ab,"tü apteek "" tamm """
p3ad,"tü apteek "" kesklinn """
p3au,transpordiosakond
p3ek,ehituskorraldus osakond
p3gb,gaudeamus büroo
k1ko01,teabetalitus
p3kb,käärik spordibaas
k1ko02,ajakiri universitt tartuensima
p3kh,ülikool kohvik
k1ko03,multimeedia talitus
p3ko,kommunikatsioonitehnika osakond
k1pr,personaliosakond
p3kv,kinnisvara osakond
k1uk,kantselei
p3ls,linn spordibaas
k1uk01,arhiiv
p3pi,peainseneriosakond
p3rk,tartu ülikool raamatupood
p3rp,raamatupidamine osakond
p3sm,sobrama maja
p3vr,varustusosakond
faea,eesti ajalugu kateeder
faek,eripedagoogika kateeder
faeo,eripedagoogika oppekabinet
faep,eksperimentaalpsühhol . oppelabor
falk,lähiajalugu kateeder
fans,nsvl ajalugu kateeder
fapk,psühholoogia kateeder
faps,psühholoogia oppelabor
fask,sotsioloogia kateeder
fast,skandinaavia kogumik toimetus
p1um,muuseum
fayk,üldajalugu kateeder
p1um01,ülikool ajalugu muuseum
ykek,ettevalmistuskursus
p1um02,kunstimuuseum
ykfp,filosoofia ja pol . teadus kateeder
p1um03,loodusmuuseum
ykka,kultuur kateeder
p1um03gm,geoloogiamuuseum
ykkf,kvalifikatsioonitostmiskursus
p1um03zm,zooloogiamuuseum
ykkk,kultuur kabinet
p1um03lk,näitus ja loodusharidus osakond
ykkn,kunst kabinet
p1um03bm,botaanika ja mükoloogiamuuseum
ykko,kodundus kabinet
p1ba,tartu ülikool botaanikaaed
ykku,kodukultuur kabinet
ykmk,muusika kabinet
ykml,mootelabor
yknl,nlkp ajalugu kateeder
ykpe,pedagoogika oppelabor
ykpm,pedagoogika ja metoodika kateeder
ykpo,poliitiline ökonoomika kateeder
yksa,sotsialism ajalugu kateeder
yksk,sojandus kateeder
yktk,teaduslik kommunism kateeder
ykto,tulekaitse ja ohutustehnika labor
ykyo,ühiskonnateadus oppekabinet
k1kv05,ohutustalitus
muud,muu osakond ( vananenud )
armp1,üld-ja molek . patol . instit .
armp2,üld-ja molekulaarpatoloogia inst
armp3,üld-ja molekulaarpat . instit .
flso1,sotsioloogia osakond
dhmaj,haldusprorektor maj kulu
p3kv1,kinnisvara osakond ( vana )
p3maj,haldusprorektor maj kulu
usus01,kirikulugu õppetool
usus02,süstemaatiline usuteadus õppetool
usus03,praktiline usuteadus õppetool
usus04,uus testament õppetool
usus05,vana testament ja semitistikk õppetool
usus06,võrdlev usuteadus õppetool
usus07,luterlik usuteadus õppetool
oiao01,"kriminaalõigus , kriminoloogia ja kognitiivne psühholoogia õppetool"
oiao02,kriminoloogia õppetool
oiao03,protsessiõigus õppetool
oiao05,riik ja haldusõigus õppetool
oiao06,võrdlev õigusteadus õppetool
htht12,õpetaja täienduskoolitus ja kutseaasta keskus
oiaokk,kriminalistika ja kriminoloogia oppetool
oiaokr,kriminaaloigus oppetool
oiaopr,protsessioigus oppetool
oiaorh,riik ja haldusoigus oppetool
oiaovo,vordleva oigusteadus oppetool
oieo01,õigus ajalugu õppetool
oieo02,keskkonnaõigus õppetool
oieo03,rahvusvaheline eraõigus õppetool
oieo04,tsiviilõigus õppetool
oieo05,töö-ja sotsiaalhooldusõigus õppetool
oieoeo,eesti riik ja oigus ajalugu oppetool
oieore,rahvusvaheline eraoigus oppetool
oieotk,tsiviil-ja kaubandusoigus oppetool
oieots,töö-ja sotsiaalhooldusoigus oppetool
arai01,anestesioloogia ja intensiivravi õppetool
aran01,inimene anatoomia õppetool
aran02,histoloogia ja embrüoloogia õppetool
aran03,kirurgiline anatoomia õppetool
arbk01,meditsiiniline biokeemia õppetool
arfa01,farmakognoosia ja farmaatsia organisatsioon õppetool
arth07,terviseinfo analüüsigrupp
arfa02,ravim tehnoloogia ja biofarmaatsia õppetool
arfr01,farmakoloogia õppetool
arfr02,farmakoloogia ja toksikoloogia õppetool
arfr03,kliiniline farmakoloogia õppetool
arfs01,füsioloogia õppetool
arho01,radioloogia õppetool
arho02,hematoloogia-onkoloogia õppetool
arho03,eksperimentaalne onkoloogia õppetool
arka01,kardioloogia õppetool
arka02,kardiotorakaalkirurgia õppetool
arkd01,kardiovaskulaar-ja torakaalkirurgia õppetool
arki01,üldkirurgia õppetool
arki02,kirurgiline haigus õppetool
arkr01,otorinolarüngoloogia õppetool
arks01,pulmonoloogia õppetool
arla01,pediaatria õppetool
armb01,meditsiiniline mikrobioloogia ja viroloogia õppetool
armp01,inimene bioloogia ja geneetika õppetool
armp02,immunoloogia õppetool
armp03,patoloogiline füsioloogia õppetool
lolo05,funktsionaalne materjal ja tehnoloogia doktorikool
armpad,adaptatsioon labor
armpag,adaptatsioon uurimisgrupp
armpaj,ajuvereringehaigus labor
armpau,ajuvereringehaigus uurimisgrupp
armpbf,biofüüsika labor
armpbm,biomeditsiin ins . uurimisgrupp
armpbt,bakterioloogia töörühm
armpbu,biofüüsika uurimisgrupp
armpel,enteroloogia labor
armpen,ensumoloogia labor
armpes,ensümoloogia ja endokr . uurimisgrupp
armpeu,enteroloogia uurimisgrupp
armphg,hormonaalgeulatsioon labor
armphl,hematoloogia labor
armphu,hematoloogia uurimisgrupp
armpia,armp immunoanalüüs uurimisgrupp
armpig,armp inimene geneetika uurimisgrupp
armpil,immunoanalüüs labor
armpin,inimene geneetika labor
armpio,immunoloogia labor
lolo06,maateadus ja ökoloogia doktorikool
armpiu,armp immunoloogia uurimisgrupp
armpkb,armp katsebaas
armpkf,kliin . füsioloogia labor
armpkg,kuulmine füsiol . uurimisgrupp
armpki,kliin . bakteriol . uurimisgrupp
armpkl,kardioloogia labor
armpkt,kuulmima tasakaal füs . labor
armpku,kardioloogia uurimisgrupp
armpky,kliiniline füsioloogia uurimisgrupp
armpla,laseranalüüs sektor
armplb,laserbioloogia-meditsiin labor
armplt,ümp lisatasu
armpme,med . optika sektor
armpmi,mikroobiokoloogia labor
armpmm,molek . modelleerimine labor
armpmo,ümp mikroobiökoloogia uurimisgrupp
armpmu,molek . modelleerimine uurimisgrupp
armpou,organtransplantats . uurimisgrupp
armpph,psühho-farm-farmkokin . labor
armpps,psühhofarmako . uurimisgrupp
loom06,maateadus ja ökoloogia doktorikool
armppu,armp patoloogiline füsioloogia uurimisgr
armprb,armp rakubioloogia uurimisgrupp
armpre,reumatoloogia labor
armprl,rakubioloogia labor
armpru,reumatoloogia uurimisgrupp
armptk,tehnokeskus
arnh01,dermatoloogia ja veneroloogia õppetool
arnk01,infektsioonihaigus õppetool
arnr01,neuroloogia õppetool
arnr02,neurokirurgia õppetool
arns01,sünnitusabi ja günekoloogia õppetool
arpa01,patoloogiline anatoomia õppetool
arpa02,kohtuarstiteadus õppetool
arpo01,polikliinik ja peremeditsiin õppetool
arps01,psühhiaatria õppetool
arrd01,radioloogia õppetool
arrd02,onkoloogia õppetool
arrd03,eksperimentaalne onkoloogia õppetool
arsi01,oftalmoloogia õppetool
arsk01,sisehaigus õppetool
aj,ajalooteaduskond
arsk02,reumatoloogia õppetool
fi,filoloogiateaduskond
arsk03,laboratoorne meditsiin õppetool
arsk04,infektsioonhaigus õppetool
arsk05,sisehaigus propedeutika õppetool
arsm01,spordimeditsiin ja taastusravi õppetool
arst01,stomatoloogia õppetool
arth01,keskkond ja töötervishoid õppetool
arth02,tervishoiukorraldus õppetool
arth03,epidemioloogia ja biostatistika õppetool
arth04,tervis edendamine õppetool
arth05,tervishoiuökonoomika õppetool
arto01,traumatoloogia ja ortopeedia õppetool
flaj01,arheoloogia osakond
flaj08,ajalugu eriala
flaj09,eesti ajalugu õppetool
flku03,etnoloogia osakond
flaj10,kunstiajalugu õppetool
flaj11,lähiajalugu õppetool
flaj12,üldajalugu õppetool
flee01,eesti ja võrdlev rahvaluule õppetool
sh,sotsiaal ja haridusteaduskond
flee02,eesti keel osakond
shsh,sotsiaal ja haridusteaduskond dekanaat
flee03,eesti kirjandus õppetool
shzu,"ajakirjandus , kommunikatsioon ja infoteadus instituut"
flee04,eesti keel võõrkeel osakond
shzu01,ajakirjandus õppetool
flee05,kirjandusteooria õppetool
shzu02,meediauuring õppetool
flee06,soome-ugri osakond
shzu03,sotsiaalne kommunikatsioon õppetool
flee07,uurali keel õppetool
shrg,riigiteadus instituut
flee08,üldkeeleteadus osakond
shrg01,avalik haldus õppetool
flee09,eesti keel ajalugu ja murre õppetool
shrg02,võrdlev poliitika õppetool
flerho,hälvikpedagoogika oppetool
shrg03,rahvusvaheline suhe õppetool
flerle,logopeedia ja emakeel did . oppetool
shph,psühholoogia instituut
flfi01,filosoofia osakond
shph01,arengupsühholoogia osakond
flfi02,praktiline filosoofia õppetool
shph02,eksperimentaalpsühholoogia osakond
flfi03,teadusfilosoofia õppetool
shph03,neuropsühhofarmakoloogia osakond
flgr04,saksa filoloogia osakond
shph04,isiksus ja sotsiaalpsühholoogia osakond
flgr03,romanistika osakond
shss,sotsioloogia ja sotsiaalpoliitika instituut
flgr01,inglise filoloogia osakond
shss01,sotsioloogia osakond
flgr07,saksa filoloogia õppetool
shss02,sotsiaaltöö ja sotsiaalpoliitika osakond
flgryk,üldkeeleteadus oppetool
shhi,haridusteadus instituut
flke03,eesti keel lektoraat
shhi01,pedagoogika osakond
flke01,inglise keel lektoraat
shhi02,õpetaja seminar
flkekt,keelekeskus tehniline grupp
shhi03,eripedagoogika osakond
flke02,saksa ja prantsuse keel lektoraat
shhi04,haridusuuring ja õppekavaarendus keskus
flke04,vene keel lektoraat
shhi05,õpetaja täienduskoolitus ja kutseaasta keskus
flkkmo,maalikunst oppetool
sh00,sotsiaal ja haridusteaduskond emeriitprofessor
flkkvo,vaba kunst oppetool
sh01,sotsiaal ja haridusteaduskond emeriitdotsent
flku04,eesti ja võrdlev rahvaluule osakond
flku05,kirjandus ja teatriteadus osakond
flkn03,eesti kirjandus õppetool
flkn05,teatriteadus ja kirjandusteooria õppetool
flku01,kunst osakond
flku02,muusika osakond
flpk01,hariduskorraldus õppetool
flpk02,haridusteooria õppetool
flpsao,arengupsühholoogia õppetool
flpspo,psühhofüüsika õppetool
flsese,semiootika oppetool
flsoaa,ajakirj . avalik arvamus labor
flsoak,ajakirjandus ajalugu labor
flsoar,ajalugu ja rahvastikutead . labor
flsofy,filos . ühiskonnatead . dial . labor
p2pg,pedagogicum
flsohl,haridussotsioloogia labor
flsohv,haridusinnovaatika labor
flsokl,kutsesuunitlus labor
flsokp,korgkoolipedagoogika labor
flsoks,käitumishälve sotsio . labor
flsook,orientalistikk kabinet
flsool,orientalistikk labor
flsops,praktiline sotsioloogia oppetool
flsopu,perekonnauurimine labor
flsosl,semiootika labor
flsoso,sotsiaaltöö oppetool
flsoti,tehisintellekt labor
flsotk,teadus ja korgkool ajalugu labor
flsoto,teadusökonoomika labor
flsovk,vene kirjandus labor
flgr05,slaavi filoloogia osakond
flve02,vene keel õppetool
flve03,vene kirjandus õppetool
bgbo01,botaanika õppetool
bgbo02,mükoloogia õppetool
k1it06,multimeedia talitus
bgbo03,taimeökoloogia õppetool
bgbo04,ökofüsioloogia õppetool
bggg01,geoinformaatika ja kartograafia õppetool
bggg02,inimgeograafia ja regionaalplaneerimine õppetool
bggg03,loodusgeograafia ja maastikuökoloogia õppetool
bggl01,geoloogia ja mineraloogia õppetool
bggl02,paleontoloogia ja stratigraafia õppetool
bggl03,pinnakate ja rakendusgeoloogia õppetool
bgmr01,biotehnoloogia õppetool
bgmr02,evolutsiooniline bioloogia õppetool
bgmr03,geneetika õppetool
bgmr04,mikrobioloogia ja viroloogia õppetool
bgmr05,molekulaarbioloogia õppetool
bgmr06,rakubioloogia õppetool
bgmr07,biofüüsika ja taimefüsioloogia õppetool
bgmr08,üldine ja mikroobibiokeemia õppetool
bgmrlt,tymr lisatasu
bgzh01,zooloogia õppetool
bgzh02,hüdrobioloogia õppetool
bgzh03,loomaökoloogia õppetool
k1kv03tn,"halduspiirkond : noorus 1 , ravila 14. , ravila 14b"
bgzh04,arengubioloogia õppetool
k1kv06,hange ja arendustalitus
fkakao,anorgaaniline keemia oppelabor
k1kv07,sisevalvetalitu
fkanao,analüütiline keemia oppelabor
fkef01,optika ja spektroskoopia õppetool
fkef02,rakendusfüüsika õppetool
fkef04,laineoptika õppetool
fkexeo,eksperimentaalfüüsika oppelabor
fkfe01,anorgaaniline keemia õppetool
fkfe03,füüsikaline keemia õppetool
fkfe05,kolloid-ja keskkonnakeemia õppetool
fkfe06,elektrokeemia õppetool
fkfykr,krüogeenijaam
fkgkgo,geofüüsika oppelabor
fkkf01,biogeofüüsika õppetool
fkkf02,meteoroloogia õppetool
fkkf03,keskkonnafüüsika õppetool
fkkfkf,keskkonnafüüsika ja meteor . õp
fkkm01,analüütiline keemia õppetool
fkkm02,bioorgaaniline keemia õppetool
fkkm03,keemiline füüsika õppetool
k1it01tk,tartu ülikool teadusarvutus keskus
fkkm04,molekulaartehnoloogia õppetool
fkmf01,korrastamata süsteem füüsika õppetool
fkmf02,tahkisefüüsika õppetool
fkok01,orgaaniline keemia õppetool
fkok02,bioorgaaniline keemia õppetool
fkoroo,orgaaniline keemia oppelabor
fktf01,astrofüüsika õppetool
fktf02,kosmoloogia õppetool
fktf03,statistiline füüsika ja kvantteooria õppetool
fktf04,väljateooria õppetool
fkyfdk,üldfüüsika kat . demonstr . kabinet
fkyffk,f-k tk kat . vaheline oppelabor
fkyfyo,üldfüüsika oppelabor
kksb01,funktsionaalne morfoloogia õppetool
kksb02,spordifüsioloogia õppetool
kksb03,kinesioloogia õppetool
kksp02,kehaline kasvatus õppetool
kksp03,spordipsühholoogia õppetool
kksp04,spordipedagoogika õppetool
kkspvl,voimlemine lektoraat
p1rt32,infosüsteem osakond
kktgkl,kergejoustik lektoraat
kktgrl,raskejoustik lektoraat
kktgsl,sportmäng lektoraat
kktgss,suusasport lektoraat
kktgto,treeningopetus oppetool
kktgvl,veesport lektoraat
mjjv02,turundus õppetool
mjjv03,juhtimine õppetool
mjjv04,välismajandus õppetool
mjjv07,rahvusvaheline ettevõtlus ja innovatsioon õppetool
mjkako,kaubatundmine ja org . oppelabor
mjksal,majandusteaduskond arvutuslabor
mjmmmi,majandusinformaatika oppetool
mjmmok,ökonomeetria oppetool
mjmmso,statistika oppetool
mjra01,majandusarvestus suund
mjra02,rahandus suund
mjra03,ärirahandus ja investeering õppetool
mjraak,analüüs ja kontroll oppetool
mjrafo,finantsarvestus oppetool
flfi01aj,filosoofia ajalugu õppetool
mjrarr,riigirahandus oppetool
flfi01pf,praktiline filosoofia õppetool
mjreem,ettevottete majandus oppetool
flfi01tf,teadusfilosoofia õppetool
mjremo,majandusteooria oppetool
flfi01te,teoreetiline filosoofia õppetool
mjrero,rahvamajandus oppetool
mjrevo,välismajandus oppetool
mjrhrk,rahandus ja arvestus kabinet
mjri01,majandus modelleerimine õppetool
mjri02,ökonomeetria õppetool
mjri03,mikroökonoomika ja - poliitika suund
mjri04,majanduspoliitika õppetool
mjri07,majandusteooria õppetool
mjri08,makroökonoomika ja - poliitika suund
mjrvvk,välismajandussuhted kabinet
mjtjjo,juhtimine oppetool
mjtjko,kaubandus oppetool
mjtjto,turundus oppetool
mtat01,tehisintellekt õppetool
mtat02,diskreetne matemaatika õppetool
mtat03,tarkvarasüsteem õppetool
mtat04,informaatika didaktika õppetool
flku10,orientalistikk keskus
mtat05,teoreetiline informaatika õppetool
mtms01,matemaatiline statistika õppetool
mtms02,tõenäosusteooria õppetool
mtpm01,algebra uurimisrühm
mtpm02,geomeetria ja topoloogia uurimisrühm
mtpm03,funktsionaalanalüüs uurimisrühm
mtpm04,funktsiooniteooria õppetool
mtpm05,matemaatika didaktika uurimisrühm
mtpm06,matemaatiline analüüs uurimisrühm
mtpm07,universaalalgebra uurimisrühm
mtrm01,arvutusmatemaatika töörühm
mtrm02,diferentsiaal ja integraalvõrrand õppetool
mtrm03,optimaalne juhtimine õppetool
mtrm04,teoreetiline mehaanika töörühm
mttklb,teor . meh kateeder oppelabor
soah01,avalik haldus õppetool
soah02,sotsiaalpoliitika õppetool
soep01,hälvikupedagoogika õppetool
soep02,logopeedia ja emakeel didaktika õp
soph01,arengupsühholoogia osakond
p2av07,täiendusõppekeskus
soph02,eksperimentaalpsühholoogia osakond
soph03,psühhofüsioloogia osakond
sopl01,võrdlev poliitika õppetool
sopl02,rahvusvaheline suhe teooria õppetool
flfi04,semiootika osakond
soss01,sotsioloogia osakond
soss02,sotsiaalne analüüs meetod õppetool
soss03,praktiline sotsioloogia õppetool
sozu01,ajakirjandus õppetool
sozu03,meediauuring õppetool
htep01,erivajadus pedagoogika õppetool
htep02,logopeedia ja õpiraskus teooria õppetool
htpk01,hariduskorraldus õppetool
htpk02,üldpedagoogika õppetool
reaaaa,arhiiv
reaajo,juriidiline osakond
reaakn,kantselei
reaark,rektor kantselei
reaats,tsiviilkaitse staap
reaavo,välissuhe osakond
p1um03dt,elurikkus informaatika ja digiarhiiv töörühm
rert01,administratsioon
rertan,rt andmetöötlusosakond
rertav,rt avalik suhe osakond
rert03,bibliograafiaosakond
rert17,biomeedikum raamatukogu
rert04,ennistuskeskus
rertfo,rt muusika ja keeleôppekeskus
rert18,füüsikaraamatukogu
rertho,rt hoiuosakond
rerthr,rt hügieeni-ja restaureermisosakond
rert13,säilitus ja hooldusteenistus
rert19,humanitaarraamatukogu
rertie,rt informatsiooni-ja eurodok . osakond
rert05,infosüsteem teenistus
rertka,rt kataloogimisosakond
rert08,käsikiri ja haruldane raamat osakond
rert06,kodumaine kirjandus osakond
rertko,rt komplekteerimisosakond
rert20,keemiaraamatukogu
rert07,köitekoda
arfs02,kliiniline genoomika tuumiklabor
rert09,liigitamisosakond
rertls,rt teaduskirjandus lugemissaal
rert10,muusika ja keeleõppekeskus
rert21,majandusraamatukogu
rert25,majandusteenistus
rert22,nato teabekeskus
rert16,õppekirjandus osakond
rertpa,rt põhja-am . ülikool teabekeskus
rertpo,rt perioodikaosakond
rert24,peainseneriteenistus
rert12,retrokataloogimine osakond
rert11,raamatukogu vaheline laenutus osakond
rertst,rt statistikateenistus
rerttb,rt teatmebibliograafiaosakond
rertte,rt teadusbibliograafiaosakond
rert14,teaduskirjandus osakond
rertto,rt teadusosakond
rert23,tehniline teenistus
rert15,väliskirjandus osakond
rertvr,rt vanaraamat osakond
flee14,suuline ja arvutisuhtlus labor
p2ooww,vastuvotu kulg
p1fy01,administratsioon
p1fy08,ioonkristall füüsika labor
p1fy17,krüogeenijaam
p1fy10,kristall spektroskoopia labor
p1fy06,kiletehnoloogia töörühm
p1fy13,laseroptika sektor
p1fy09,laserspektroskoopia labor
p1fy05,lasertehnika labor
p1fy16,majandusosakond
p1fy04,madal temperatuur labor
p1fy15,raamatukogu
p1fy14,raamatupidamine
p1fy02,röntgenspektroskoopia labor
p1fy11,biofüüsika laboratoorium
p1fy03,teoreetiline füüsika labor
p1fy18,töökoda
p1fy07,keskkonnafüüsika labor
p1fy12,tahkiseteooria labor
p1mi02,kalabioloogia ja kalandus osakond
p1um01ny,näitus ja üritus osakond
p1mi03,merebioloogia osakond
p1um01ko,kogu osakond
p1mi04,merefüüsika sektor
p1um01tt,tartu tähetorn osakond
p1mi05,meresüsteem osakond
p1oppo,plastitehnoloogia osakond
p1rtrb,raamatukogundus labor
p1tl01,tl geenitehnoloogia osakond
p1tl02,tl infotehnoloogia osakond
p1tl03,tl keskkonnatehnoloogia osakond
p1tl04,tl materjaliteadus osakond
dhhb01,riigihange talitus
dhkhsy,kh söökla ülikool 20
dhkhvk,kh vana kohvik ( ülikool 20 )
dhkv01,arvestustalitus
dhkv02,ehitustalitus
dhkv03,hooldustalitus
dhkvht,kv hange teenistus
dhkv04,ho turvateenistus
dhkvpt,kv puidutöökoda
dhkvrt,kv ehitus-ja remonditeenistus
dhls01,sb emajõgi spordibaas
lomi01kt,kalandus teabekeskus töörühm
dhls02,sb spordihoone
dhls03,sb staadion
dhls04,sb tennisepaviljon
dhpi01,elektriseade hooldus ja remonditeenistus
dhpi02,küte ventilatsioon ja santehniline seade hooldus ja remonditeenistus
p3ekej,ehitusjaoskond
p3ekep,ehitusprorektoriteenistus
p3eket,ehitusteenistus
p3ekit,ehitusjaoskond itp
p3ekrt,remonditeenistus
p3khke,kh keemiahoone einelaud
p3khkn,kh kohvik narva mnt 27
p3khks,"kh kohvik "" sophokle """
p3khsa,kh söökla narva mnt 27
p3khsn,kh söökla noorus 9
p3khst,kh söökla täht 4
p3khsy,kh söökla ülikool 20
p3khve,kh van . 46 einelaud
p3khvk,kh vana kohvik ( ülikool 20 )
p3kvat,kv arvestusteenistus
flke06,akadeemiline väljendusoskus keskus
p3kvet,kv elamuteenistus
p3kvhh,kv hoone hooldus teenistus
p3kvht,kv hange teenistus
p3kvkt,kv keskkonnakaitse tulet . ja turvateen .
p3kvpt,kv puidutöökoda
p3kvrt,kv remonditeenistus
p3lsem,ls emajoe spordibaas
p3lsls,linn spordibaas
p3lsrv,raskej . ja veesport kompleks
p3lssp,ls spordihoone
p3lsst,ls staadion
p3lste,ls tennisepaviljon
p3rpso,sotsiaalkindlustus osakond
muudao,aspirantuuriosakond
muudar,arenduskoda
muudet,eksperimentaaltootmisbaas
muudio,i osakond
muudkl,klubi
muudko,kaugoppeosakond
muudmo,majandusosakond
k1ko04,kommunikatsioonitalitus
muudom,oppetehnika ja metoodika teenistus
k1ko05,turundustalitus
muudoo,oppeosakond
k1ko06,protokoll ja rahvusvaheline suhe talitus
muudsk,tü südamekeskus
muudtk,töökaitse osakond
muudvt,varustusteenistus
muudye,üliopilaste edustus
muudyk,üliopilane komplekteerimine teadma büroo
muudyn,üliopilaste noustamiskeskus
armpkb1,katsebaas
bgmrmax,tymr ty arvelt
p3kvpt1,puidutöökoda
p3kvrt1,remonditeenistus ( vana )
dhkv02pt,puidugrupp
dhkvhhak,hh arvutuskeskus piirkond
dhkvhham,hh ajaloomuuseum piirkond
dhkvhhan,hh anatoomikum piirkond
dhkvhhau,hh garaazh majajuhataja piirkond
dhkvhhay,hh avatud ülikool tallinna esindus
dhkv03bg,halduspiirkond : bg õppebaas
dhkv03bm,"halduspiirkond : ravila 19 , 14. ; puusepp 8 d - korpus"
shrg04,balti õping keskus
dhkvhhbo,hh botaanikaaed piirkond
dhkv03fh,"halduspiirkond : täht 4 , salm 1a , 1b"
dhkvhhkb,hh rada 32 piirkond
dhkv03kh,"halduspiirkond : jakobi 2,4 , 5 ; loss 3,24 ; munk 4 ; ülikool 16 ; luts 5 ( ülikool käsutus olev ruum ) ; raekoda plats 9 ( ülikool käsutus olev ruum )"
dhkvhhkm,hh keeltemaja piirkond
dhkv03mj,"halduspiirkond : narva mnt 4 ; lai 34 , 36 , 40 ; noorus 9 ; viljandi mnt 48 ; pühajärv residents"
dhkvhhmp,hh ümp ja haigla majajuhataja piirk .
dhkv03mr,"halduspiirkond : riia 23 ; pirn 2 ; vanemuis 21 hoone , 46 , 46. ; rajama 32"
dhkv03no,"halduspiirkond : noorus 1,9 ; puusepp 8 ; rada 32"
dhkv03oi,"halduspiirkond : näitus 2 , 13. , 20 ; loss 38"
dhkv03ph,"halduspiirkond : ülikool 17 , 18 hoone , 18. , 18b , 20 ; jakobi 1 hoone ; küütri 2"
dhkvhhsm,hh sõber maja majajuhataja piirkond
dhkv03ti,"halduspiirkond : tiik 78 , 80 ; j . liivi 2 ; loss 36 ; kinnistu kastan 43"
dhkvhhva,hh vanemuis 46 piirkond
p3kvhhak,hh arvutuskeskus piirkond
p3kvhham,hh ajaloomuuseum piirkond
p3kvhhan,hh anatoomikum majajuhataja piirkond
p3kvhhau,hh garaazh majajuhataja piirkond
p3kvhhay,hh avatud ülikool tallinna esindus
p3kvhhbg,hh bg oppebaas piirkond
flee15,"keeleteadus , filosoofia ja semiootika doktorikool"
p3kvhhbo,hh botaanikaaed majajuhataja piirkond
p3kvhhfh,hh täht 4 majajuhataja piirkond
p3kvhhkb,hh rada 32 piirkond
p3kvhhkh,hh keemiahoone majajuhataja piirkond
p3kvhhkm,hh keeltemaja majajuhataja piirkond
p3kvhhmj,hh narva 4 / 6 majajuhataja piirkond
p3kvhhmp,hh ümp ja haigla majajuhataja piirk .
p3kvhhmr,hh riia 23 piirkond
p3kvhhno,hh noorus 9 majajuhataja piirkond
p3kvhhoi,hh näitus 20 majajuhataja piirkond
p3kvhhph,hh peahoone majajuhataja piirkond
p3kvhhpi,peahoone intendant piirkond
p3kvhhti,hh tiik 78 majajuhataja piirkond
p3kvhhva,hh vanemuis 46 majajuhataj piirkond
p3kvhhvt,hh valveteenistus ( midaveelpo )
muudarok,ar oppetöökoda
muudarpo,to plastitehnoloogia osakond
muudfond,tü fond
muudinpr,tü innovatsioon projekt
muudioii,ii osakond
lomi01pk,pelaagiline kala töörühm
muudkotk,tallinna konsultatsioonipunkt
lomi01mf,lõhe ja meriforell töörühm
muudmoak,mo arvutuskeskus
lomi01pt,peipsi kalandus töörühm
muudmoam,mo ajaloomuuseum
muudmoan,mo anatoomikum
muudmoba,mo botaanikaaed
muudmoco,mo komandant ja valveteenistus
muudmoes,mo emajoe spordibaas
muudmoet,elamuteenistus
muudmohk,"mo haigla , klubi , kopu"
muudmoka,mo kääriku
muudmokh,mo keemiahoone
muudmokp,"mo kaunase pst 44 , välgi"
muudmolb,mo laboratoorium
muudmomm,mo maarjamoisa auditoorium
muudmono,mo noorus 9
muudmooh,mo oppehoone
muudmoph,mo peahoone
muudmori,mo riia 23
muudmork,mo raamatukogu
muudmosh,mo spordihoone
flaj17,looduslik pühapaik riiklik arengukava rakenduskeskus
muudmost,mo staadion
p2vk07kp,kommunikatsioon ja projektitalitus
muudmota,mo täht 4
p2vk08ek,e - keskus
muudmoti,mo tiik 78 / 80
p2vk08ht,haldustalitus
muudmotp,mo tennisepaviljon
p2vk08hs,helistuudio
muudmout,mo uus tänav 1
p2vk08ol,õppelava
muudmova,mo vanemuis 46
p2vk08ue,ühiselamu
muudmovo,mo voor ökoloogia jaam
p2vk10,õppedirektor haldusala
muudmoyh,ühiselamu
p2vk10rt,raamatukogu
muudmoyl,"mo ühiselamu , ladu"
p2vk10tt,täiendusõppetalitus
muudomeo,omt ekspluatatsioon osakond
p2vk10ot,õppetalitus
muudomik,informaatika kateeder
p2vk11,raamatupidamine
muudomjo,omt juurutusosakond
muudommt,omt metoodika kabinet
muudomot,omt oppetehnika osakond
muudomse,omt side-ja elektrograafia osakond
muudomtf,omt tele ja fotolabor
muudooeo,ettevalmistusosakond
muudooev,ettevalm . ja vastuvotu osakond
muudp1li,i prorektor lisa
muudp1si,i prorektor siht
muudp3li,iii prorektor lisa
p2oo11,tartu ülikool pedagogicum
muudtoel,to ensümoloogia labor
muudtoge,to geen ekspresslabor
muudtohr,to hormonaalne regulats . labor
muudtoit,to infotöö
muudtoka,to kaadriosakond
muudtoke,to konstrueerimine eksperimenteerimiso
muudtokf,"to kl . füsiol . , biokeemia labor"
muudtokr,to kap . ehit . ja rem . osakond
muudtooj,to org ja juur osakond
muudtool,to onkogenees labor
muudtopg,to plasmiid geneetika labor
muudtopo,to patendiosakond
muudtorp,to teadusosakond raamatupidamine
muudtost,to standari . ja metroloogia os
muudtout,to uus tehnika näit osakond
muudtovo,to välissuhe osakond
muudvtel,ehitusmaterjal ladu
lomi01rm,rannikumeri kalandus töörühm
oiao07,rahvusvaheline ja euroopa õigus õppetool
p1tp,tartu ülikool teaduskool
p2rt,tartu ülikool raamatukogu
p2rt01,administratsioon
p2rt02,sisukirjeldus osakond
p2rt03,erialainfotalitus
p2rt04,eurodokumentatsioon keskus
p2rt05,infosüsteem osakond
p2rt06,kogu arendus osakond
p2rt07,käsikiri ja haruldane raamat osakond
p2rt08,fonoteek
p2rt09,raamatukogu vaheline laenutus keskus
htos01,koolimuusika lektoraat
p2rt10,säilitus ja konserveerimisosakond
htos02,alus ja algharidus õppetool
p2rt11,teaduskeskus
p2rt12,teenindusosakond
p2rt13,põhja-ameerika ülikool teabekeskus
p2rt14,haldustalitus
p2rt15,peainseneritalitus
shph05,kliiniline psühholoogia osakond
mtat06,keeletehnoloogia õppetool
armp10,vähibioloogia uurimisgrupp
p2pc01,ettevõtlusosakond
p2pc02,turismiosakond
p2pc03,sotsiaaltöö korraldus osakond
shsh01,tartu ülikool pedagogicum
mjjv08,majandusprotsess juhtimine ja infosüsteem lektoraat
kksb06,tervisekasvatus lektoraat
kksb05,füsioteraapia õppetool
sozu02,massikommunikatsioon ja ajakirjandus õppetool
p1ta08,teadus ja arendusprojekt talitus
p1ta09,intellektuaalomand talitus
p1ta10,ettevõtlussuhe talitus
bgmr09,loodusteadus didaktika lektoraat
p1ta11,karjääritalitus
rert02,üld ja arendusosakond
p1mi01,üldosakond
mjri11,riigimajandus ja majanduspoliitika õppetool
armp04,immunoanalüüs uurimisgrupp
mtmt01,tartu ülikool koolimatemaatika ja - informaatika keskus
armp05,immunoloogia uurimisgrupp
armp06,inimesegeneetika uurimisgrupp
armp07,patoloogiline füsioloogia uurimisgrupp
armp08,rakubioloogia ja elektronmikroskoopia uurimisgrupp
flaj01ao,arheoloogia õppetool
flaj01la,laboratoorne arheoloogia õppetool
flaj01lo,looduslik pühapaik keskus
flaj01ak,arheoloogia kabinet
kksp99,kehaline kasvatus lektoraat
arbs,bio ja siirdemeditsiin instituut
arbs01,biokeemia osakond
arbs02,farmakoloogia osakond
arbs03,füsioloogia osakond
arbs04,biomeditsiin osakond
arbs05,vivaarium
arbs01mk,meditsiiniline biokeemia õppetool
arbs02ft,farmakoloogia ja toksikoloogia õppetool
arbs02kf,kliiniline farmakoloogia õppetool
arbs03fo,füsioloogia õppetool
arbs03kg,kliiniline genoomika tuumiklabor
arbs04ib,inimene bioloogia ja geneetika õppetool
arbs04ig,inimesegeneetika uurimisgrupp
arbs04im,immunoanalüüs uurimisgrupp
aran04,füüsiline antropoloogia keskus
arbs04rb,rakubioloogia ja elektronmikroskoopia uurimisgrupp
arbs04io,immunoloogia õppetool
arbs04pf,patoloogiline füsioloogia õppetool
arbs04pu,patoloogiline füsioloogia uurimisgrupp
arbs04mp,molekulaarpatoloogia uurimisgrupp
arbs04vb,vähibioloogia uurimisgrupp
shzu04,infokorraldus õppetool
shzu05,infoteadus õppetool
soss04,sotsiaaltöö ja sotsiaalpoliitika osakond
soah03,haldusjuhtimine õppetool
sopl03,balti poliitika õppetool
k1ko04aj,ajakiri universitt tartuensima toimetus
k1ko04an,portaal novaator toimetus
oioi04,tartu osakond
oioi05,tallinna osakond
oiao09,tartu osakond
oiao10,tallinna osakond
oiao01tr,tartu osakond
oiao01tl,tallinna osakond
oiao07tr,tartu osakond
oiao07tl,tallinna osakond
oiao05tr,tartu osakond
oiao05tl,tallinna osakond
oiao06tr,tartu osakond
oiao06tl,tallinna osakond
dhhb03,ohutustalitus
oieo07,tartu osakond
oieo08,tallinna osakond
oieo04tr,tartu osakond
oieo04tl,tallinna osakond
oieo01tr,tartu osakond
oieo01tl,tallinna osakond
oieo06tr,tartu osakond
oieo06tl,tallinna osakond
oirr01,tartu osakond
oirr02,tallinna osakond
p2og,tartu ülikool õigusinstituut
reaa01,rahvusvaheline koostöö talitus
flke07,vene keel testimiskeskus
oioi05vo,dekanaat tallinna osakond võõrkeel õpe
bgmr10,bioinformaatika õppetool
loom04lr,loodusressurss õppetool
arbs04rn,rna bioloogia uurimisgrupp
p2og01,intellektuaalne omand õppetool
p2og02,mereõigus õppetool
p2og03,kognitiiv ja õiguspsühholoogia õppetool
arbs06,katseloomakeskus
kksp05,spordiala didaktika lektoraat
p2vk12,haldustalitus
p2vk12ue,ühiselamu
p2vk13,e - keskus
p2vk01pk,pärandtehnoloogia keskus
dait01,arvutivõrk rühm
p1ta02,teadustalitus
p2oo01,õppetalitus
p2oo02,vastuvõtutalitus
p2oo03,tasemeõppetalitus
p2oo04,rahvusvaheline õpiränne keskus
p2oo05,põhja-ameerika ülikool teabekeskus
p2pc12,uurimiskeskus
p2oo06,õppeinfosüsteem ja analüüsitalitus
p2pc12kl,kurortoloogia labor
p2oo07,karjäär ja psühholoogiline nõustamine talitus
p2pc12nt,noor teaduskeskus
p1ta01,arendustalitus
p1ta03,välissuhe talitus
dauk01,teabetalitus
dauk02,ajaleht universitt tartuensima
dauk03,sekretariaat
dauk04,arhiiv
dait02,keskserver töörühm
dait03,kasutajatugi
dait04,infosüsteem projekt
p1ta04,keskkonnaseire projekt
p1ta05,"projekt "" teaduskeskus ahhaa """
p2og04,keelelektoraat
p1ti,tartu ülikool tehnoloogiainstituut
k1kv08,riigihange talitus
k1kv09,arendustalitus
p2pc04,kurortoloogia labor
arbs04pfkg,kliiniline genoomika tuumiklabor
p2nc01,ühiskonnateadus lektoraat
p2nc02,psühholoogia ja pedagoogika lektoraat
p2nc03,eesti keel ja kirjandus lektoraat
p2nc04,vene keel ja kirjandus lektoraat
p2nc05,võõrkeel lektoraat
p1lm,loodusmuuseum ja botaanikaaed
p1lm01,loodusmuuseum
p1lm01gm,geoloogiamuuseum
p1lm01zm,zooloogiamuuseum
p1lm01lk,näitus ja loodusharidus osakond
p1lm01bm,botaanika ja mükoloogiamuuseum
p1lm01dt,elurikkus informaatika ja digiarhiiv töörühm
p1lm02,tartu ülikool botaanikaaed
armd,meditsiinitehnoloogia keskus
armc,molekulaarne ja kliiniline meditsiin keskus
flcb,briti uuring keskus
flci,kultuuridevaheline kommunikatsioon keskus
flco,orientalistikakeskus
flcp,pau arine soome-ugri põlisrahvas keskus
flcn,põhja-ameerika uuring keskus
shuh,ühiskonnateadus instituut
flcr,robert schum prantsuse uuring keskus
lolh,loodusteaduslik haridus keskus
socs,eesti kognitiivne sotsiaalteadus keskus
shuh01,ajakirjandus õppetool
sosa,eesti sotsiaalteaduslik andmearhiiv
shuh02,meediauuring õppetool
sock,eesti käitumis ja terviseteadus keskus
shuh03,sotsiaalne kommunikatsioon õppetool
shuh04,infokorraldus õppetool
shuh05,infoteadus õppetool
shuh06,sotsioloogia õppetool
shuh07,sotsiaaltöö õppetool
shuh08,sotsiaalpoliitika õppetool
arbs06vi,vivaarium
p1um04,kogu osakond
p1um05,kommunikatsiooniosakond
p1um06,tartu tähetorn
us00,usuteaduskond emeriitprofessor
oi00,õigusteaduskond emeriitprofessor
ar00,arstiteaduskond emeriitprofessor
fl00,filosoofiateaduskond emeriitprofessor
bg00,bioloogia-geograafiateaduskond emeriitprofessor
fk00,füüsika-keemiateaduskond emeriitprofessor
kk00,kehakultuuriteaduskond emeriitprofessor
p2rt16,haldusosakond
ht00,haridusteaduskond emeriitprofessor
mjjv11,ettevõtlus õppetool
mj00,majandusteaduskond emeriitprofessor
mt00,matemaatika-informaatikateaduskond emeriitprofessor
so00,sotsiaalteaduskond emeriitprofessor
rert26,eurodokumentatsioon keskus
mjmj02,ettevõtlus ja innovatsioonikeskus
usus08,lähis-ida vana keel ja kultuur õppetool
mjjv12,rahandus ja majandusarvestus õppetool
sozu04,sotsiaalne kommunikatsioon õppetool
flfl02,humanitaarvaldkond didaktikakeskus
usus03rp,religioonipedagoogika kabinet
arbs07,immunoloogia osakond
arbs08,patofüsioloogia osakond
arbs08kg,kliiniline genoomika tuumiklabor
rertbo,rt bibliograafiaosakond
shhi06,haridustehnoloogia keskus
rertek,rt ennistuskeskus
rertht,rt säilitus ja hooldusteenistus
rertit,rt infosüsteem teenistus
rertkk,rt kodumaine kirjandus osakond
rertkt,rt köitekoda
rertli,rt liigitamisosakond
rertmk,rt muusika ja keeleõppekeskus
rertna,rt nato teabekeskus
rertre,rt retrokataloogimine osakond
rerttk,rt teaduskirjandus osakond
k1kv10,analüüs ja arvestustalitus
rertvk,rt väliskirjandus osakond
k1it03kk,kõnekeskus grupp
k1it03rt,riia tn grupp
k1it03mv,maarjaväli grupp
k1it03kl,kesklinn grupp
dhhb02,tehniline koordineerimiskeskus
dhhbrh,hb riigihange teenistus
dhkvat,kv kinnisvara arvestusteenistus
dhkvet,kv ehitusteenistus
dhkvetpt,kv et puidutöökoda
dhkvhh,kv kinnisvara hooldusteenistus
dhkvhhbg,hh bg õppebaas piirkond
dhkvhhbm,hh biomeedikum piirkond
dhkvhhfh,hh täht 4 ja õpetaja sem . piirkond
dhkvhhkh,hh keemiahoone piirkond
dhkvhhmj,hh narva 4 piirkond
dhkvhhmr,hh riia 23 piirkond
dhkvhhno,hh noorus 9 piirkond
dhkvhhoi,hh näitus 20 piirkond
dhkvhhph,hh peahoone piirkond
dhkvhhti,hh tiik 78 piirkond
dhkvkt,kv turvateenistus
kksp06,liikumisharrastus käitumuslik probleemlabor
dhlsem,ls emajõgi spordibaas
dhlssp,ls spordihoone
dhlsst,ls staadion
dhlste,ls tennisepaviljon
dhpiet,pi elektrisiga . hooldus-ja rem . teenistus
dhpikt,pi küte venti . - ja san . teenistus
loom04en,entomoloogia õppetool
loom04tr,terioloogia õppetool
p1ta12,tehnoloogiasiire talitus
p5,prorektor tegevusvaldkond
p5am,tartu ülikool ajalugu muuseum
p5kl,tartu ülikool kunstimuuseum
fllc,maailm keel ja kultuur kolledž
dhkv05,tehnovõrk ja elektripaigaldis talitus
p2pc13,turismikompetentsikeskus
rert27,teenindusosakond
dhkv05ep,elektripaigaldis remondigrupp
dhkv05tv,tehnovõrk remondigrupp
rerb,rektoraat büroo
rerb01,rahvusvaheline koostöö talitus
dhkv02rt,remondigrupp
mjmj03,ettevõtlus õppetool
mjmj04,juhtimine õppetool
mjmj05,majandus modelleerimine õppetool
mjmj06,majandusteooria õppetool
mjmj07,rahandus ja majandusarvestus õppetool
mjmj08,rahvusvaheline ettevõtlus ja innovatsioon õppetool
mjmj09,riigimajandus ja majanduspoliitika õppetool
mjmj10,turundus õppetool
k1kv03rt,"halduspiirkond : w . struve 1 , veski 32 ( rendipind )"
fllc01,anglistika osakond
fllc04,germanistika osakond
fllc02,klassikaline filoloogia osakond
fllc03,romanistika osakond
fllc06,skandinavistika osakond
fllc05,slavistika osakond
fllc07,tõlkeõpetus ja - uuring osakond
fllc08,aasia regioon keel osakond
fllc09,balti regioon keel osakond
fllc10,akadeemiline väljendusoskus keskus
fllc11,testimiskeskus
k1it07,infrastruktuur ja kasutajatugi talitus
k1it07sg,server grupp
k1it07tk,tartu ülikool teadusarvutus keskus
k1it07mv,maarjaväli grupp
k1it07kl,kesklinn grupp
k1it07kk,kõnekeskus grupp
lofy02st,sensortehnoloogia töörühm
p2ag01,arvutigraafikateenistus
p2ag02,õppetehnikateenistus
p2ag03,fototeenistus
p2pc05,raamatukogu
p2og05,õppeosakond
p2og06,raamatukogu
k1kv03ld,"halduspiirkond : uppsala 10 ladu , sanatoorium 18 kaarhall"
arth06,töökeskkond labor
p2nc06,üldosakond
p2nc07,majandusosakond
p2nc06rp,raamatupidamine
p2nc06ot,õppetalitus
p2nc06rk,raamatukogu
p2nc06ak,arvutiklass
p2vk00,tartu ülikool viljandi kultuuriakadeemia emeriitdotsent
bgzh05,zooloogiamuuseum
p1ta06,juriidiline nõustamine
resu,siseaudit büroo
p1rt33,säilitus ja konserveerimisosakond
p1rt34,haldusosakond
flgr03pk,prantsuse keel ja kirjandus
flgr03hk,hispaania keel ja kirjandus
flgr03ik,itaalia keel ja kirjandus
flgr07sk,skandinavistika
p1ta07,teaduskorraldus talitus
p1mi06,pärnu osakond
hv,humanitaarteadus ja kunst valdkond
hvhv,humanitaarteadus ja kunst valdkond dekanaat
hvus,usuteaduskond
hvaj,ajalugu ja arheoloogia instituut
hvee,eesti ja üldkeeleteadus instituut
hvfi,filosoofia ja semiootika instituut
hvku,kultuuriteadus instituut
hvlc,maailm keel ja kultuur kolledž
hvvk,viljandi kultuuriakadeemia
sv,sotsiaalteadus valdkond
svoi,õigusteaduskond
svsv,sotsiaalteadus valdkond dekanaat
svmj,majandusteaduskond
bgcl,alus ja rakendusökoloogia keskus
svuh,ühiskonnateadus instituut
svhi,haridusteadus instituut
svph,psühholoogia instituut
svjs,johan skytte poliitikauuring instituut
svnc,narva kolledž
svpc,pärnu kolledž
svoi02,avalik õigus osakond
svoi04,eraõigus osakond
svoi03,karistusõigus osakond
svoi01,üldosakond
shhi07,haridusuuenduskeskus
mv,meditsiiniteadus valdkond
mvmv,meditsiiniteadus valdkond dekanaat
mvbs,bio ja siirdemeditsiin instituut
mvpt,peremeditsiin ja rahvatervishoid instituut
mvfa,farmaatsia instituut
mvcm,kliiniline meditsiin instituut
mvst,hambaarstiteadus instituut
mvsf,sporditeadus ja füsioteraapia instituut
lt,loodus ja täppisteadus valdkond
mtat07,krüptograafia õppetool
ltlt,loodus ja täppisteadus valdkond dekanaat
armp09,molekulaarpatoloogia uurimisgrupp
ltmi,eesti mereinstituut
ltfy,füüsika instituut
ltkt,keemia instituut
ltmr,molekulaar ja rakubioloogia instituut
ltti,tehnoloogiainstituut
ltom,ökoloogia ja maateadus instituut
ltat,arvutiteadus instituut
ltms,matemaatika ja statistika instituut
ltom01,botaanika osakond
ltom02,geograafia osakond
ltom03,geoloogia osakond
ltom04,zooloogia osakond
ltom05,loodusteaduslik haridus keskus
bggl04,geoloogiamuuseum
flct,tõlkekeskus
hv00,humanitaarteadus ja kunst valdkond emeriitprofessor
hv01,humanitaarteadus ja kunst valdkond emeriitdotsent
sv00,sotsiaalteadus valdkond emeriitprofessor
sv01,sotsiaalteadus valdkond emeriitdotsent
mv00,meditsiiniteadus valdkond emeriitprofessor
mv01,meditsiiniteadus valdkond emeriitdotsent
lt00,loodus ja täppisteadus valdkond emeriitprofessor
lt01,loodus ja täppisteadus valdkond emeriitdotsent
hvlc01,anglistika osakond
hvlc02,klassikaline filoloogia osakond
hvlc03,romanistika osakond
hvlc04,germanistika osakond
hvlc05,slavistika osakond
hvlc06,skandinavistika osakond
p1mi07,ökosüsteem dünaamika töörühm
hvlc07,tõlkeõpetus ja - uuring osakond
p1mi08,mereoptika töörühm
hvlc08,aasia regioon keel osakond
p1mi05ml,meresüsteem modelleerimine labor
hvlc09,balti regioon keel osakond
hvhv01,humanitaarvaldkond didaktikakeskus
flch,nõukogu periood ajalugu uurimiskeskus
rertmt,rt majandusteenistus
ltkt01,anorgaaniline keemia õppetool
ltkt02,füüsikaline keemia õppetool
ltkt03,keemiaharidus õppetool
ltkt04,kolloid ja keskkonnakeemia õppetool
ltkt05,rakenduselektrokeemia õppetool
ltkt06,analüütiline keemia õppetool
ltkt07,keemiline füüsika õppetool
ltkt08,molekulaartehnoloogia õppetool
ltkt09,orgaaniline keemia õppetool
ltkt10,bioorgaaniline keemia õppetool
ltkt11,katsekoda
svpc01,ettevõtlusosakond
svpc02,turismiosakond
svpc03,sotsiaaltöö korraldus osakond
svpc04,keelekeskus
svpc05,turismikompetentsikeskus
svpc06,uurimiskeskus
svpc07,raamatukogu
svpc06kl,kurortoloogia labor
svpc06nt,noor teaduskeskus
p1fyrk,fy raamatukogu
p1fyrp,fy raamatupidamine
p1fyrs,fy röngtenspektroskoopia labor
p1fysk,fy spektronograafia sektor
p1fytf,fy teoreetiline füüsika labor
p1fytk,fy töökoda
p1fyts,fy tuumaspektroskoopia labor
p1fytt,fy tahkiseteooria labor
svnc01,ühiskonnateadus lektoraat
p1tlgt,tl geenitehnoloogia osakond
svnc02,psühholoogia ja pedagoogika lektoraat
p1tlit,tl infotehnoloogia osakond
svnc03,eesti keel lektoraat
p1tlkt,tl keskkonnatehnoloogia osakond
svnc04,vene keel lektoraat
p1tlmt,tl materjaliteadus osakond
svnc05,võõrkeel lektoraat
p1fyad,fy administratsioon
svnc06,üldosakond
p1fyif,fy ioonkristall füüsika labor
svnc07,keskus eesti kodu narva
p1fykj,fy krüojaam
svnc08,majandusosakond
p1fyks,fy kristall spektroskoopia labor
svnc06rp,raamatupidamine
p1fykt,fy kiletehnoloogia töörühm
svnc06ot,õppetalitus
p1fylo,fy laseroptika sektor
svnc06rk,raamatukogu
p1fyls,fy laserspektroskoopia labor
svnc06ak,arvutiklass
p1fylt,fy lasertehnika labor
ltmr01,biotehnoloogia õppetool
p1fymo,fy majandusosakond
ltmr02,evolutsiooniline bioloogia õppetool
p1fymt,fy madal temperatuur labor
ltmr03,geneetika õppetool
rertad,rt administratsioon
ltmr04,mikrobioloogia ja viroloogia õppetool
rertbr,rt biomeedikum raamatukogu
ltmr05,molekulaarbioloogia õppetool
rertfy,rt füüsikaraamatukogu
ltmr06,rakubioloogia õppetool
rerthu,rt humanitaarraamatukogu
ltmr07,biofüüsika ja taimefüsioloogia õppetool
rertkh,rt käsikiri ja haruld . raamat osak
ltmr08,üldine ja mikroobibiokeemia õppetool
rertkr,rt keemiaraamatukogu
ltmr09,arengubioloogia õppetool
rertmr,rt majandusraamatukogu
ltmr10,bioinformaatika õppetool
rertop,rt õppekirjandus osakond
svhi01,pedagoogika osakond
rertpt,rt peainseneriteenistus
svhi02,õpetaja seminar
rertrl,rt raamatukogu vaheline laenutus osak
svhi03,eripedagoogika osakond
rerttt,rt tehniline teenistus
svhi04,haridusuuenduskeskus
flkeee,eesti keel sektsioon
svhi05,õpetaja täienduskoolitus ja kutseaasta keskus
flkein,inglise keel sektsioon
svhi06,haridustehnoloogia keskus
flkesp,saksa / prantsuse keel sektsioon
svph01,arengupsühholoogia osakond
flkeve,vene keel sektsioon
svph02,eksperimentaalpsühholoogia osakond
svph03,neuropsühhofarmakoloogia osakond
svph04,isiksus ja sotsiaalpsühholoogia osakond
svph05,kliiniline psühholoogia osakond
svjs01,sotsiaalteaduslik rakendusuuring keskus ( rake )
dhit,infotehnoloogia osakond
svsv01,ettevõtlus ja innovatsioonikeskus
svmj02,ettevõtlus õppetool
svmj03,juhtimine õppetool
svmj04,majandus modelleerimine õppetool
svmj05,majandusteooria õppetool
svmj06,rahandus ja majandusarvestus õppetool
svmj07,rahvusvaheline ettevõtlus ja innovatsioon õppetool
svmj08,riigimajandus ja majanduspoliitika õppetool
svmj09,turundus õppetool
svoi01tr,üldosakond tartu osakond
svoi01tl,üldosakond tallinna osakond
svoi02tr,tartu osakond
svoi02tl,tallinna osakond
svoi03tr,tartu osakond
svoi03tl,tallinna osakond
svoi04tr,tartu osakond
svoi04tl,tallinna osakond
mvcm01,anestesioloogia ja intensiivravi kliinik
mvcm02,hematoloogia-onkoloogia kliinik
mvcm03,kirurgiakliinik
dhit01,infrastruktuur talitus
mvcm04,kopsukliinik
dhit01sg,server grupp
mvcm05,kõrvakliinik
dhit02,infosüsteem talitus
mvcm06,lastekliinik
dhit03,multimeedia talitus
mvcm07,nahahaigus kliinik
dhit03ag,arvutigraafika grupp
mvcm08,naistekliinik
dhit03og,õppetehnika grupp
mvcm09,närvikliinik
dhit04,kasutajatugi talitus
mvcm10,psühhiaatriakliinik
mvcm11,radioloogiakliinik
mvcm12,silmakliinik
mvcm13,sisekliinik
mvcm14,spordimeditsiin ja taastusravi kliinik
mvcm15,südamekliinik
mvcm16,traumatoloogia ja ortopeedia kliinik
mvcm17,täienduskeskus
hvlc10,akadeemiline väljendusoskus keskus
hvlc11,testimiskeskus
ltms01,koolimatemaatika ja - informaatika keskus
hvus01,kirikulugu õppetool
hvus02,süstemaatiline usuteadus õppetool
hvus03,praktiline usuteadus õppetool
htht01,pedagoogika osakond
hvus04,uus testament õppetool
hvus05,vana testament ja semitistikk õppetool
hvus06,võrdlev usuteadus õppetool
hvaj01,arheoloogia osakond
hvaj02,arhiivindus osakond
hvaj03,eesti ajalugu osakond
hvaj05,kunstiajalugu osakond
hvaj06,uusim aeg osakond
hvaj07,üldajalugu osakond
hvee01,eesti keel osakond
hvee02,eesti keel võõrkeel osakond
hvee03,soome-ugri osakond
hvee04,üldkeeleteadus osakond
hvee01lk,lõuna-eesti keel ja kultuuriuuring keskus
k1it07ts,turvasüsteem grupp
mvbs01,biokeemia osakond
mvbs02,farmakoloogia osakond
mvbs03,füsioloogia osakond
mvbs04,biomeditsiin osakond
mvbs05,katseloomakeskus
htht02,õpetaja seminar
mvbs06,immunoloogia osakond
mvbs07,patofüsioloogia osakond
mvbs08,anatoomia osakond
mvbs09,mikrobioloogia osakond
mvbs10,patoloogiline anatoomia ja kohtuarstiteadus osakond
mvbs01mk,meditsiiniline biokeemia õppetool
mvbs02ft,farmakoloogia ja toksikoloogia õppetool
mvbs02kf,kliiniline farmakoloogia õppetool
mvbs03fo,füsioloogia õppetool
mvbs04ib,inimene bioloogia ja geneetika õppetool
mvbs04mp,molekulaarpatoloogia uurimisgrupp
mvbs04vb,vähibioloogia uurimisgrupp
mvbs04rn,rna bioloogia uurimisgrupp
mvbs07kg,kliiniline genoomika tuumiklabor
mvbs08ia,inimene anatoomia õppetool
mvbs08he,histoloogia ja embrüoloogia õppetool
mvbs08ka,kirurgiline anatoomia õppetool
ltat01,keeletehnoloogia õppetool
hvfi01,filosoofia osakond
p1vs,välissuhe osakond
hvfi04,semiootika osakond
htht03,arenduskeskus
hvfi05,tartu ülikool eetikakeskus
hvfi01aj,filosoofia ajalugu õppetool
hvfi01pf,praktiline filosoofia õppetool
hvfi01te,teoreetiline filosoofia õppetool
hvfi01tf,teadusfilosoofia õppetool
mvbs09mv,meditsiiniline mikrobioloogia ja viroloogia õppetool
mvbs10pa,patoloogiline anatoomia õppetool
mvbs10ka,kohtuarstiteadus õppetool
k1it07ig,infrastruktuur grupp
hvku09,kultuur ja kommunikatsiooniteadus keskus ( konsortsium )
hvku05,kirjandus ja teatriteadus osakond
hvku04,eesti ja võrdlev rahvaluule osakond
hvku03,etnoloogia osakond
hvku01,kunst osakond
hvku10,orientalistikakeskus
hvku05ek,eesti kirjandus õppetool
hvku05ma,maailmakirjandus õppetool
hvku05tt,teatriteadus õppetool
hvku01mk,maalikunst õppetool
hvku01mu,muusika õppetool
ltmi01,kalabioloogia ja kalandus osakond
ltmi02,merebioloogia osakond
ltmi03,meresüsteem osakond
oieo06,äriõigus ja intellektuaalne omand õppetool
ltmi06,pärnu osakond
mjri09,mikroökonoomika õppetool
ltmi07,kaugseire ja mereoptika osakond
mjri10,makroökonoomika õppetool
ltmi08,ökodünaamika osakond
ltmi01kt,kalandus teabekeskus töörühm
ltmi01mf,lõhe ja meriforell töörühm
ltmi01pk,pelaagiline kala töörühm
ltmi01pt,peipsi kalandus töörühm
ltmi01rm,rannikumeri kalandus töörühm
ltfy07,administratsioon
ltfy02,materjaliteadus osakond
ltfy03,eksperimentaalfüüsika osakond
ltfy04,teoreetiline füüsika osakond
ltfy05,bio ja keskkonnafüüsika osakond
ltfy01,füüsikaharidus osakond
ltfy08,teenindusgrupp
ltfy09,majandusgrupp
ltfy02if,ioonkristall füüsika labor
p2nc08,keskus eesti kodu narva
ltfy02ls,laserspektroskoopia labor
ltfy02rs,röntgenspektroskoopia labor
ltfy02kt,kiletehnoloogia labor
ltfy02mt,nanostruktuur füüsika labor
ltfy02st,sensortehnoloogia labor
ltfy03ks,füüsikaline optika labor
ltfy03mt,nanostruktuur füüsika labor
ltfy03ls,lasertehnika labor
ltfy03gl,plasmafüüsika labor
ltfy04tt,tahkiseteooria labor
ltfy04tf,teoreetiline füüsika labor
ltfy04st,väljateooria labor
ltfy05sk,biofüüsika laboratoorium
ltfy05kf,keskkonnafüüsika labor
ltfy05af,atmosfäärifüüsika labor
ltfy01kk,kosmos ja militaartehnoloogia töörühm
ltfy01ek,elektron paramagneetiline resonants ja luminofooritehnoloogia töörühm
ltfy01pk,põhiõpe keskus
ltfy01ot,õppetöö tugiteenistus
ltfy01kf,koolifüüsika keskus
p2pc06,ökosüsteem majandamine osakond
ltfy01bf,biomeditsiinitehnika ja meditsiinifüüsika teadus ja koolituskeskus
p2pc07,keelekeskus
ltfy08rp,raamatupidamine
p2pc08,teenus kompetentsikeskus
ltfy08rk,raamatukogu
p2pc09,õppeosakond
svuh01,ajakirjandus õppetool
p2pc10,haldusosakond
svuh02,meediauuring õppetool
svuh03,sotsiaalne kommunikatsioon õppetool
svuh04,infoteadus õppetool
svuh06,sotsioloogia õppetool
svuh07,sotsiaaltöö õppetool
svuh08,sotsiaalpoliitika õppetool
svuh09,tugiosakond
mvbs08fa,füüsiline antropoloogia keskus
mvpt01,peremeditsiin õppetool
mvpt02,õendusteadus õppetool
ltom01bo,botaanika õppetool
ltom01mk,mükoloogia õppetool
ltom01ta,taimeökoloogia õppetool
ltom01of,ökofüsioloogia õppetool
ltom02gk,geoinformaatika ja kartograafia õppetool
ltom02gr,inimgeograafia ja regionaalplaneerimine õppetool
dhhb04,planeerimistalitus
ltom02lm,loodusgeograafia ja maastikuökoloogia õppetool
ltom02ce,väliseesti uuring keskus
ltom03gm,geoloogia ja mineraloogia õppetool
ltom03ps,paleontoloogia ja stratigraafia õppetool
hvaj13,ajalugu ja ühiskonnaõpetus didaktika keskus
ltom03pr,pinnakate ja rakendusgeoloogia õppetool
ltom04lr,loodusressurss õppetool
ltom04lo,loomaökoloogia õppetool
ltom04en,entomoloogia õppetool
ltom04tr,terioloogia õppetool
mtat08,hajussüsteem õppetool
mvpt03,epidemioloogia ja biostatistika õppetool
mvpt04,rahvatervishoid õppetool
mvpt05,terviseinfo analüüsigrupp
hvaj01ao,arheoloogia õppetool
hvaj01la,laboratoorne arheoloogia õppetool
hvaj01ak,arheoloogia kabinet
hvaj01lo,looduslik pühapaik keskus
hvee03pa,pau arine soome-ugri põlisrahvas keskus
hvee01fl,foneetika labor
hvee01sl,suuline ja arvutisuhtlus labor
p2oo08,õppekorraldus ja kvaliteeditalitus
p2oo09,avatud ülikool talitus
p2oo10,regionaaltalitus
svhi07,tartu ülikool pedagogicum
hvvk04,etenduskunst osakond
hvvk03,kultuurharidus osakond
hvvk02,muusikaosakond
hvvk01,rahvuslik käsitöö osakond
p5um,tartu ülikool muuseum
p5um01,ülikool ajalugu muuseum
p5um02,kunstimuuseum
p5um03,loodusmuuseum
shuh09,tugiosakond
shuh10,infoteadus õppetool
hvvk12,õppeosakond
hvvk13,avalik suhe talitus
hvvk11,raamatukogu
hvvk08,haldustalitus
hvvk09,multimeediakeskus
hvvk10,projektitalitus
hvvk07,it talitus
p1rt01,administratsioon
hvvk06,raamatupidamine
p1rt02,üld ja arendusosakond
p1rt03,bibliograafiaosakond
p1rt04,ennistuskeskus
p1rt05,infosüsteem talitus
p1rt06,kodumaine kirjandus osakond
p1rt07,köitekoda
p1rt08,käsikiri ja haruldane raamat osakond
p1rt09,liigitamisosakond
p1rt10,fonoteek
p1rt11,raamatukogu vaheline laenutus keskus
p1rt12,retrokataloogimine osakond
p1rt13,säilitus ja hooldustalitus
p1rt15,väliskirjandus osakond
p1rt17,biomeedikum raamatukogu
p1rt18,füüsikaraamatukogu
p1rt19,humanitaarraamatukogu
p1rt20,keemiaraamatukogu
p1rt21,majandusraamatukogu
p1rt22,nato teabekeskus
p1rt23,tehniline teenistus
p1rt24,peainseneritalitus
p1rt25,haldustalitus
p1rt26,eurodokumentatsioon keskus
p1rt27,teenindusosakond
dhit05,foto ja videotalitus
mjcv,ettevõtluskeskus
rerb02,tõuketoetus talitus
p1ta13,teadustalitus
hvee01ek,eesti keel väljendusõpetus keskus
oiao08,euroopa õigus õppetool
hvvk05,kantselei
hvvk09vs,videostuudio
hvvk09hs,helistuudio
hvvk12ot,õppetalitus
hvvk12uo,üldaine osakond
hvvk12tt,täiendusõpe talitus
htht04,kõrgharidus õppetool
svsv02,õppekorraldustalitus
flfl01,keeleteadus ja - tehnoloogia doktorikool
soso01,käitumis ja terviseteadus doktorikool
fkfk01,materjaliteadus ja materjal tehnoloogia doktorikool
bgbg01,ökoloogia ja keskkonnateadus doktorikool
bgbg02,biomeditsiin ja biotehnoloogia doktorikool
mjmj01,majandusteadus ja innovatsioon doktorikool
ltat02,andmeteadus õppetool
ltat03,programmeerimiskeel ja - süsteem õppetool
ltat04,andmeturve ja teoreetiline arvutiteadus õppetool
ltat05,tarkvaratehnika õppetool
ltat06,hajussüsteem õppetool
ltat07,teadusarvutus keskus
ltat08,kantselei
ltom06,maapõueressurss arenduskeskus
p2vk,tartu ülikool viljandi kultuuriakadeemia
svhi08,õpetaja ja kõrgharidus keskus
htht04th,täiskasvanuharidus keskus
htht05,haridus ja arengu-uuring keskus
mvsf01,spordibioloogia osakond
mvsf02,kehaline kasvatus ja spordididaktika osakond
mvsf02ll,liikumislabor
htht08,õpetaja täiendkoolitustalitus
htht04thpt,praktika ja kutseaasta talitus
svnc09,õppeosakond
svnc10,raamatukogu
svnc11,it - tugi
p2vk01,rahvuslik käsitöö osakond
p2vk02,muusikaosakond
p2vk03,infoharidus osakond
p2vk04,etenduskunst osakond
p2vk05,kultuurharidus osakond
p2vk06,täiendõpe osakond
p2vk07,arendus ja välissuhe osakond
p2vk08,haldusdirektor haldusala
p2vk08ok,hostel oma kodu
p2vk08it,infotehnoloogia osakond
k1pr01,personaliarenduskeskus
htht06,haridustehnoloogia õppetool
hvus07,tartu ülikool aasia keskus
flee10,antropoloogiline ja etnolingvistika õppetool
svuh10,meedia ja kommunikatsioon õppetool
p1rt28,erialainfotalitus
mvcm18,kliiniline geneetika keskus
p2oo12,nõustamiskeskus
p2oo13,elukestev õpe keskus
p2oo14,õpe ja arendusprojekt talitus
p5um03gm,geoloogiamuuseum
p5um03zm,zooloogiamuuseum
p5um03lk,loodusteaduslik koguma
hvvk12ua,üldaine talitus
hvvk12et,ettevõtlusõpe talitus
hvvk14,kunst keskus
fkef05,biomeditsiinitehnika ja meditsiinifüüsika teadus ja koolituskeskus
p1lm01bt,bioloogiline interaktsioon ökoloogia töörühm
hvee05,rakenduslingvistika osakond
fkef06,koolifüüsika keskus
p6,arendusprorektor tegevusvaldkond
p6um,muuseum
hthk,haridusuuring keskus
p6lm,loodusmuuseum ja botaanikaaed
p6lm02,tartu ülikool botaanikaaed
p6lm01,tartu ülikool loodusmuuseum
p6lm01gm,geoloogiamuuseum
p6lm01zm,zooloogiamuuseum
p6lm01lk,näitus ja loodusharidus osakond
p6lm01bm,botaanika ja mükoloogiamuuseum
p6lm01dt,elurikkus informaatika ja digiarhiiv töörühm
p6lm01bt,bioloogiline interaktsioon ökoloogia töörühm
p6um02,kunstimuuseum
p6um04,kogu osakond
p6um05,kommunikatsiooniosakond
p6um06,tartu tähetorn
p6rb,rektoraat büroo
p6rb01,rahvusvaheline koostöö talitus
mvbs04ig,inimene geneetika uurimisgrupp
mvbs04rm,reproduktiivmeditsiin uurimisgrupp
p2or,õppearendus ja täienduskoolitus keskus
mvbs04rm,reproduktiivmeditsiin uurimisgrupp
mvbs04gõ,inimene geneetika õppetool
mvbs04bõ,inimene bioloogia õppetool
mvbs09im,inimene mikroobiökoloogia uurimisgrupp
mvbs09km,kliiniline mikrobioloogia uurimisgrupp
mvbs09hu,hiv uurimisgrupp
mvbs09ku,kliiniline uuring töögrupp
p1gi,genoomika instituut
p2or01,täienduskoolitustalitus
p1gy,grandikeskus
p2or02,õppekavaarendus talitus
p6ik,ettevõtlus ja innovatsioonikeskus
p2or03,karjääritalitus
p2or04,haridustehnoloogia talitus
p2or05,regionaaltalitus
p1gi01,eesti geenivaramu teaduskeskus
p1gi02,eesti biokeskus
p1rt29,rekataloogimine osakond
p1gi03,tuumiklabor
p1gi04,eesti geenivaramu
ltto,tartu observatoorium
p2av01,haridustehnoloogiakeskus
p2av02,karjäär ja psühholoogiline nõustamine talitus
p2av03,täienduskoolitustalitus
p2av04,tartu ülikool tallinna esindus
p2av05,õppekavaarendustalitus
p1ta*,usuteaduskond
sokc,kultuur ja kommunikatsiooniteadus keskus
ltto01,tähefüüsika osakond
ltto02,galaktika füüsika ja kosmoloogia osakond
p2vk08rk,raamatukogu
ltto03,kaugseire osakond
ltto04,kosmosetehnoloogia osakond
ltto05,tugiteenus osakond
ltto06,külastuskeskus
k1hr,hankeosakond
svhi09,tugitalitus
dhum,tartu ülikool muuseum
dhum01,ülikool ajalugu muuseum
dhum02,kunstimuuseum
dhum03,loodusmuuseum
dhum03gm,geoloogiamuuseum
dhum03zm,zooloogiamuuseum
dhum03lk,näitus ja loodusharidus osakond
hvee06,digihumanitaaria ja infoühiskond keskus
p2vk09,üldaine osakond
hvaj14,"arheoloogia , geneetika ja lingvistika sidusuuring kolleegium"
p1ti01,innovatsioonikeskus
p1ti02,biomeditsiinitehnoloogia arenduskeskus
p1ti03,keemia ja materjalitehnoloogia arenduskeskus
p1ti04,keskkonnatehnika arenduskeskus
p1ti05,info ja kommunikatsioonitehnoloogia arenduskeskus
p1gi02pe,populatsioonigeneetika ja evolutsiooniline bioloogia töögrupp
p1gi02ot,onkogenees töögrupp
kkkk01,sport ja füsioteraapia täiendkoolituskeskus
mjjv09,majandusarvestus õppetool
p1gy01,statistika ja analüüs
p1gy02,projektikirjutamine
bgbg03,loodusteaduslik haridus lektoraat
p1gy03,rahastusmeede koordineerimine
p6lm03,näitus ja loodusharidus osakond
p6lm01bk,botaaniline koguma
p6lm01gk,geoloogiline koguma
p6lm01zk,zooloogiline koguma
p6lm01mk,mükoloogiline koguma
p6lm01mi,mikrobioloogiline koguma
p6lm0dn,dna ja keskkonnaproov koguma
p6lm01dn,dna ja keskkonnaproov koguma
p6lm01et,elurikkus digiarhiiv töörühm
kksp01,treeninguteadus õppetool
bgbg04,alus ja rakendusökoloogia keskus
bgbg05,ökoloogia ja keskkonnateadus doktorikool
bgbg06,biotehnoloogia ja biomeditsiin doktorikool
oioi01,õppeosakond
oioi02,teabekeskus
oioi03,keelelektoraat
fkef03,gaaslahenduslabor
p1rt30,teaduskeskus
dhkv03tl,halduspiirkond : kaarel pst 3 ; teater väljak 3 ( ülikool kasutus olev ruum )
p1ti06,psühhofarmakoloogiline ravimiarendus labor
p1rt31,põhja-ameerika ülikool teabekeskus
p1ti07,õigus ja intellektuaalomand osakond
us01,usuteaduskond emeriitdotsent
oi01,õigusteaduskond emeriitdotsent
